id,dob,percentage,semster,gender,email,Name
4024439,1/23/2016,62.63,4,Male,cscrowson0@soundcloud.com,Cirilo Scrowson
3077792,6/21/1996,68.63,6,Male,icasbolt1@xing.com,Irwinn Casbolt
1048094,1/7/2025,45.81,1,Female,atramel2@is.gd,Alix Tramel
2092707,4/15/2000,90.96,6,Male,killingworth3@census.gov,Konrad Illingworth
785148,11/8/2024,64.81,2,Male,mcrookston4@nih.gov,Munroe Crookston
3399403,3/20/2025,21.9,4,Agender,edockrey5@altervista.org,Ertha Dockrey
563333,8/25/2011,51.72,3,Male,cbellwood6@yahoo.co.jp,Culver Bellwood
4052808,11/27/2018,79.66,1,Male,ayackiminie7@oakley.com,Abbot Yackiminie
429026,2/29/2008,33.2,7,Genderfluid,akingscott8@umn.edu,Ashly Kingscott
4118378,4/17/2001,90.7,2,Male,bbechley9@tiny.cc,Barnaby Bechley
941329,9/27/2024,98.85,4,Female,gwightmana@soup.io,Gwendolen Wightman
3781473,12/26/1990,86.74,5,Agender,gspeddinb@google.nl,Galvin Speddin
2086643,9/5/2011,90.92,7,Female,bpedlerc@slideshare.net,Bernadette Pedler
181992,9/8/1994,29.37,4,Male,hschusterld@wikia.com,Horacio Schusterl
70633,9/20/2003,97.31,2,Polygender,nmcpeakee@tinyurl.com,Nata McPeake
3821823,6/3/2022,88.51,6,Male,cdronsfieldf@t-online.de,Chuck Dronsfield
4680755,5/7/2012,54.96,2,Male,rsilberg@wix.com,Rodolfo Silber
527336,12/15/1990,13.31,4,Female,shugueneth@gizmodo.com,Sasha Huguenet
1665018,2/27/2016,14.66,3,Male,rfeltoni@opera.com,Renaud Felton
2950159,10/24/2005,84.35,3,Male,lrappj@godaddy.com,Lazare Rapp
2021591,1/2/2015,98.42,3,Female,kpetticank@trellian.com,Keslie Pettican
3005050,4/12/2025,1.49,2,Male,ableythinl@geocities.com,Allan Bleythin
2173507,7/11/2013,70.51,2,Female,gducroem@blog.com,Germana Ducroe
1568966,1/3/2018,22.13,3,Genderqueer,fgoodan@tripadvisor.com,Faulkner Gooda
745372,2/10/2013,81.55,1,Male,lpiello@yelp.com,Lauritz Piell
1060944,11/5/2013,94.14,2,Female,eviggersp@alibaba.com,Ermina Viggers
2078459,2/27/2001,37.59,5,Female,bbeeseyq@engadget.com,Betta Beesey
4469183,10/26/1990,62.31,1,Male,tbaggerr@dyndns.org,Tonnie Bagger
1165099,12/23/2017,15.8,5,Female,tstaresmeares@deliciousdays.com,Tiff Staresmeare
561532,10/14/2004,55.79,5,Male,hhalwillt@studiopress.com,Haze Halwill
1366955,12/27/1992,77.81,6,Male,mdurdenu@arstechnica.com,Marlin Durden
1734409,5/30/2021,86.01,3,Male,jmccobbv@chicagotribune.com,Joey McCobb
3385084,8/5/1992,83.84,4,Male,estuttmanw@ihg.com,Ev Stuttman
3167615,2/3/2009,44.28,6,Female,bayersx@prlog.org,Britteny Ayers
520475,6/21/1995,77.61,6,Male,fmanstony@bloglines.com,Franklin Manston
3445648,11/22/2023,44.99,5,Male,rcampez@amazon.co.jp,Rube Campe
4190910,5/10/2019,73.35,3,Male,ao10@marriott.com,Adolpho O' Mahony
2377423,3/11/1991,74.95,8,Male,waddison11@ucoz.ru,Web Addison
3697490,4/13/2023,86.35,2,Male,wrawls12@blog.com,Welbie Rawls
1874371,1/9/2016,8.74,3,Female,acarme13@usatoday.com,Alanna Carme
1219505,9/4/2006,50.27,6,Male,smarshland14@google.com,Stewart Marshland
1717967,5/13/1995,64.05,7,Male,hlaytham15@noaa.gov,Haskell Laytham
4931345,7/5/1994,99.66,2,Female,ewhiscard16@archive.org,Emmy Whiscard
2529578,2/2/2001,57.8,4,Female,dchadwell17@amazon.de,Dalia Chadwell
207955,2/9/2022,59.29,8,Female,sfeldfisher18@ca.gov,Shandy Feldfisher
4634430,4/2/2024,76.69,2,Male,smarcam19@ycombinator.com,Sigismundo Marcam
2122500,8/24/2003,63.54,2,Male,rniven1a@facebook.com,Rickert Niven
3741552,5/15/2015,12.05,3,Male,sdavisson1b@weebly.com,Sigismundo Davisson
1168575,7/19/1995,6.7,4,Male,hagutter1c@clickbank.net,Harwilll Agutter
3316561,4/28/1995,98.06,8,Female,ngrube1d@reuters.com,Nata Grube
653520,6/23/1997,98.58,1,Female,gwetherby1e@ameblo.jp,Gert Wetherby
4985044,2/6/2007,62.24,3,Female,tpenhallurick1f@ebay.com,Terra Penhallurick
2434187,4/29/1998,96.06,5,Female,mblaxall1g@friendfeed.com,Meghann Blaxall
3033141,8/8/2019,88.25,8,Female,ibruckenthal1h@photobucket.com,Ida Bruckenthal
4744432,2/25/2020,7.94,6,Male,jroocroft1i@businesswire.com,Jehu Roocroft
2650396,2/16/2013,54.58,2,Bigender,irottcher1j@zdnet.com,Isiahi Rottcher
197665,1/22/1991,40.7,3,Male,cconstance1k@cdbaby.com,Cleavland Constance
2754212,11/7/2012,20.08,2,Male,aposvner1l@theglobeandmail.com,Aldous Posvner
1517833,9/16/1991,82.18,7,Female,ahaysham1m@instagram.com,Andra Haysham
225395,3/14/1997,50.26,3,Female,rregorz1n@pagesperso-orange.fr,Riannon Regorz
343771,11/26/2006,67.29,6,Female,vnice1o@yellowpages.com,Valina Nice
2645326,9/15/2020,90.05,3,Female,ddavitashvili1p@marketwatch.com,Dana Davitashvili
3662575,5/15/2019,32.43,2,Polygender,nmidgely1q@illinois.edu,Noah Midgely
954478,12/6/2024,74.42,3,Female,mwestrope1r@shutterfly.com,May Westrope
413152,6/13/2015,87.24,1,Female,sdumper1s@geocities.com,Shelia Dumper
1756945,3/22/1999,22.41,1,Female,rpendleberry1t@google.co.jp,Rosy Pendleberry
2276987,7/22/2025,88.37,7,Male,vpescud1u@noaa.gov,Vinson Pescud
3383679,8/7/1996,86.14,4,Male,eschleicher1v@discuz.net,Emilio Schleicher
326323,10/13/2018,35.99,3,Female,tfarfoot1w@china.com.cn,Tina Farfoot
3500641,7/11/2019,22.15,4,Male,rizaac1x@yahoo.co.jp,Ronnie Izaac
815387,12/4/2014,95.21,7,Female,mfrancklin1y@state.tx.us,Mada Francklin
1222788,3/17/2016,9.31,3,Male,mgery1z@reference.com,Mel Gery
4562766,11/30/2006,80.97,2,Agender,awinser20@shinystat.com,Anjela Winser
149044,8/27/2018,31.26,2,Male,scraighead21@imdb.com,Stanford Craighead
1848034,10/30/1998,99.61,1,Female,deburah22@weibo.com,Dorothee Eburah
956157,7/30/2002,6.71,4,Female,lkidby23@freewebs.com,Lexie Kidby
4622859,2/25/1991,6.16,8,Male,apilsbury24@dyndns.org,Alexandre Pilsbury
3045069,7/25/1996,30.85,3,Female,tcalan25@ca.gov,Tasha Calan
1852858,6/19/2012,49.61,2,Female,hwarrilow26@springer.com,Haley Warrilow
3314959,3/17/2023,33.16,6,Male,msteel27@creativecommons.org,Marcel Steel
1560513,2/28/1991,12.93,5,Female,arolse28@oracle.com,Audre Rolse
1377999,2/24/2014,72.32,2,Female,rbrewers29@mlb.com,Rayna Brewers
3577767,5/6/2009,28.88,5,Female,smulqueen2a@ucsd.edu,Shell Mulqueen
1190456,11/21/2001,7.35,3,Male,mcaldroni2b@yahoo.co.jp,Meredith Caldroni
2088939,8/7/1994,86.29,5,Male,akaradzas2c@alexa.com,Ambrosi Karadzas
2505899,5/1/2006,13.84,5,Female,taldham2d@godaddy.com,Trixi Aldham
3746003,1/7/2013,72.66,6,Female,wchesnay2e@time.com,Willabella Chesnay
2774506,9/15/1996,91.03,5,Female,certel2f@timesonline.co.uk,Cthrine Ertel
4992596,1/13/2002,45.76,5,Female,rmoultrie2g@cbc.ca,Rosanna Moultrie
1025588,10/11/2021,74.22,3,Female,sfrill2h@prnewswire.com,Samara Frill
919642,6/14/2013,85.11,7,Female,saime2i@rambler.ru,Salome Aime
929965,6/26/1994,94.67,6,Male,rrushmer2j@mtv.com,Rolf Rushmer
4957277,7/21/2019,81.45,4,Female,lbrotherton2k@goodreads.com,Lulu Brotherton
887078,10/13/2021,22.77,5,Female,mwilmot2l@artisteer.com,Minda Wilmot
370903,7/21/2014,92.02,5,Female,vjoppich2m@yahoo.co.jp,Valerye Joppich
3256539,2/19/2011,34.43,5,Male,ccrowch2n@geocities.com,Chrotoem Crowch
3810473,5/11/2002,30.33,6,Male,jnornable2o@unicef.org,Jecho Nornable
1818326,6/15/2006,85.39,5,Male,ycavy2p@seattletimes.com,Yancy Cavy
1005613,7/4/2025,35.5,3,Female,ejouanet2q@myspace.com,Ernesta Jouanet
223422,3/21/2008,58.88,8,Genderfluid,cpere2r@g.co,Culver Pere
4057433,7/18/2002,48.01,1,Female,agadman2s@msu.edu,Arleen Gadman
3915943,4/26/1997,72.98,5,Male,mdelicate2t@goo.gl,Mohandas Delicate
153899,5/13/2019,2.43,6,Male,bgoodburn2u@upenn.edu,Borden Goodburn
4855496,3/19/2017,70.72,6,Female,ctooley2v@nba.com,Chiquita Tooley
2698463,8/9/2015,20.28,4,Female,alezemore2w@reference.com,Avivah Lezemore
4830039,3/15/2017,12.66,5,Female,mparysiak2x@macromedia.com,Marita Parysiak
3850833,6/19/2007,44.76,6,Female,aewens2y@list-manage.com,Allison Ewens
36919,7/17/2024,23.38,4,Female,ccurtayne2z@google.com,Cassaundra Curtayne
2277892,3/20/1991,73.95,3,Male,aschapiro30@meetup.com,Aron Schapiro
960182,8/7/1994,27.05,3,Female,abarthod31@hud.gov,Alidia Barthod
3486465,8/2/1994,90.86,8,Female,joshiels32@oakley.com,Joy O'Shiels
2233222,4/21/2020,76.37,4,Male,chewes33@toplist.cz,Clerkclaude Hewes
3877316,12/12/2017,49.96,4,Male,rmonnery34@soundcloud.com,Reg Monnery
773499,5/28/2006,32.44,4,Female,mparidge35@umn.edu,Merola Paridge
3061165,6/10/2009,51.06,1,Polygender,bendricci36@posterous.com,Bram Endricci
4287283,11/6/2022,78.46,2,Non-binary,amilmore37@nba.com,Adelaida Milmore
1433751,5/22/2022,15.81,6,Male,bhamilton38@vk.com,Bob Hamilton
2095711,5/18/1999,7.43,2,Male,ithamelt39@dailymotion.com,Ivor Thamelt
678782,3/13/2025,46.05,2,Male,alamyman3a@alibaba.com,Archaimbaud Lamyman
4196405,10/11/2009,61.78,4,Male,educhesne3b@devhub.com,Eldredge Duchesne
4088630,7/19/2008,2.95,7,Female,mpomphrey3c@wired.com,Matti Pomphrey
47480,3/31/1992,15.78,7,Female,vconsterdine3d@phpbb.com,Violante Consterdine
1844448,10/14/2016,40.45,2,Male,dtitcumb3e@goo.gl,Donall Titcumb
1403067,9/13/2017,55.51,2,Male,mtellenbach3f@theglobeandmail.com,Mattie Tellenbach
3954061,11/16/2018,62.62,3,Male,gniesing3g@reverbnation.com,Giraldo Niesing
3969664,12/20/2004,45.77,2,Male,bpurdon3h@hugedomains.com,Brendan Purdon
1137703,8/12/2002,63.38,6,Male,arockwill3i@google.com.br,Avery Rockwill
3956052,10/10/2018,40.61,3,Female,hdelacote3j@ovh.net,Halli Delacote
830230,2/1/2010,57.63,7,Male,sdeshorts3k@printfriendly.com,Stevy Deshorts
1755363,6/18/2018,19.22,6,Male,sendon3l@g.co,Sebastiano Endon
1696549,8/17/2007,75.09,7,Female,acarlisso3m@cnet.com,Aimil Carlisso
2768601,8/23/2022,96.29,6,Female,mtownend3n@vimeo.com,Marcie Townend
359061,9/8/2020,53.72,1,Female,drouge3o@nydailynews.com,Denys Rouge
851525,10/20/1992,79.67,2,Male,bportch3p@wordpress.org,Bary Portch
1301890,6/24/2018,23.5,6,Female,anormanell3q@gnu.org,Ardyce Normanell
4944701,3/7/1992,43.04,1,Genderqueer,cfarnaby3r@youtube.com,Claudianus Farnaby
1766574,1/21/2019,42.9,2,Female,deasterbrook3s@macromedia.com,Delores Easterbrook
2141784,8/29/2010,27.96,2,Female,estockdale3t@timesonline.co.uk,Eolanda Stockdale
3490860,12/13/2000,56.83,1,Female,smcreynolds3u@smh.com.au,Shawnee McReynolds
3134040,8/18/2000,43.51,2,Female,tdi3v@barnesandnoble.com,Timmie Di Giacomettino
3216195,10/19/2020,39.93,8,Female,hcapener3w@paginegialle.it,Harriett Capener
3719421,1/17/2010,75.05,4,Male,lagronski3x@acquirethisname.com,Levey Agronski
3859578,4/10/2004,16.47,3,Male,gjuste3y@amazon.co.jp,Garrett Juste
2352067,7/8/2000,78.89,3,Male,novens3z@google.it,Nathanial Ovens
2697482,1/13/2006,69.97,1,Female,smckimmie40@cdbaby.com,Sande McKimmie
1259168,9/27/2013,34.34,7,Non-binary,bde41@bloglovin.com,Britta De Vile
3097828,4/29/2010,44.2,6,Female,clissimore42@mail.ru,Cammy Lissimore
2387326,11/24/1990,13.73,1,Male,gmckeon43@clickbank.net,Graehme McKeon
348919,8/4/2024,78.53,4,Female,chayesman44@who.int,Claudetta Hayesman
4190873,2/7/2020,61.91,5,Male,sanand45@weebly.com,Sigismund Anand
559673,12/14/2015,59.35,5,Female,elorey46@telegraph.co.uk,Ebonee Lorey
1929131,10/22/2004,83.07,4,Male,lfoddy47@posterous.com,Lucius Foddy
2249248,4/30/2020,27.87,3,Bigender,kcathro48@omniture.com,Kendre Cathro
2643889,10/29/2013,60.02,5,Polygender,aredshaw49@macromedia.com,Alwin Redshaw
2505319,8/29/2007,93.57,3,Male,eskirrow4a@nyu.edu,Elia Skirrow
2815295,9/19/2008,53.38,2,Female,bjiggen4b@tamu.edu,Britt Jiggen
1339453,1/10/2020,4.46,5,Male,acheyne4c@dell.com,Anderson Cheyne
2350226,11/17/2018,34.13,1,Female,atrayhorn4d@acquirethisname.com,Alejandrina Trayhorn
743599,12/20/2022,4.54,7,Male,tcorr4e@un.org,Teodor Corr
4944212,5/9/2010,70.01,8,Female,wconyers4f@springer.com,Winna Conyers
3844029,5/10/2005,89.5,2,Male,pmears4g@harvard.edu,Pablo Mears
1103118,6/12/2025,45.84,8,Female,fdagleas4h@cisco.com,Fannie Dagleas
3312459,7/20/1996,21.05,3,Female,roldrey4i@imgur.com,Rae Oldrey
88377,11/2/2009,36.37,1,Female,egowman4j@howstuffworks.com,Erika Gowman
1675334,8/10/2024,14.49,1,Female,lmaccoughan4k@wikimedia.org,Lauralee MacCoughan
3936750,9/15/2017,30.16,8,Female,wcosten4l@chronoengine.com,Wendy Costen
195221,6/17/2017,62.79,4,Female,crumney4m@pen.io,Carin Rumney
1491084,8/12/2022,4.77,1,Female,spendlebery4n@dailymotion.com,Shalna Pendlebery
2843311,6/4/2022,46.32,2,Female,tcussen4o@msu.edu,Trixi Cussen
1276942,1/1/2025,17.6,6,Female,csloy4p@ameblo.jp,Catarina Sloy
2770222,6/30/2019,29.93,1,Male,gbenezet4q@youku.com,Gasparo Benezet
234073,3/30/1996,8.26,6,Male,dffrench4r@diigo.com,Daniel Ffrench
354028,5/8/1998,18.24,7,Male,abaxendale4s@chron.com,Adamo Baxendale
2413995,2/23/2023,78.87,6,Female,sbodemeaid4t@reference.com,Shayla Bodemeaid
534109,1/24/2023,67.12,1,Female,ckierans4u@multiply.com,Claudetta Kierans
939915,6/2/1998,90.14,3,Male,dminney4v@google.com.br,Darn Minney
10220,3/22/2021,9.9,5,Female,dmacnockater4w@foxnews.com,Dotti MacNockater
713103,2/14/1996,52.96,2,Agender,lblasetti4x@slate.com,Lanie Blasetti
682891,10/3/1998,44.53,4,Male,vstokey4y@ebay.com,Vergil Stokey
1188962,1/2/1991,43.53,5,Female,bmcmechan4z@archive.org,Bree McMechan
1108255,9/12/2016,26.96,8,Female,cdallaghan50@exblog.jp,Collen Dallaghan
4225291,5/29/2008,46.64,7,Male,tlydall51@icio.us,Tulley Lydall
2649254,4/2/2000,75.68,3,Male,glamberton52@ihg.com,Gannon Lamberton
683050,8/10/1997,35.87,6,Female,wcrumbleholme53@twitpic.com,Wilhelmine Crumbleholme
2967375,3/11/2005,37.76,7,Female,agrisbrook54@spiegel.de,Alanna Grisbrook
2789601,3/25/2018,70.47,1,Female,mchape55@marriott.com,Marita Chape
2053267,10/9/2008,8.35,3,Male,tblockey56@miibeian.gov.cn,Tabby Blockey
2187453,12/21/2020,34.63,5,Male,rcressey57@businessweek.com,Rabi Cressey
2131660,3/19/2023,61.28,3,Agender,khardwicke58@elpais.com,Kennie Hardwicke
4360172,7/19/1993,46.66,3,Male,asantacrole59@goo.gl,Ange Santacrole
4507622,6/7/2016,38.14,3,Male,wharrie5a@seesaa.net,Willey Harrie
2958033,2/5/2004,48.87,5,Male,wbann5b@spotify.com,Wilhelm Bann
3863748,12/28/2018,85.7,8,Female,nsaladine5c@state.tx.us,Nedi Saladine
1201095,4/15/2012,14.57,1,Male,abroggini5d@list-manage.com,Adair Broggini
374151,11/17/2012,71.78,6,Female,dmateos5e@unc.edu,Dona Mateos
4239248,11/16/2018,2.84,5,Male,rpollendine5f@google.nl,Ruttger Pollendine
884134,6/19/2002,41.51,7,Male,lkilloran5g@forbes.com,Lothario Killoran
4445014,4/4/2021,45.28,1,Female,nlemonnier5h@addtoany.com,Nora Lemonnier
3249576,11/5/2016,28.16,5,Male,jcressar5i@sphinn.com,Jasun Cressar
1407302,6/12/1999,49.13,6,Female,ccalifornia5j@github.com,Cassondra California
1327456,7/21/2006,82.42,8,Male,ediehn5k@instagram.com,Eldon Diehn
4740817,10/6/1990,1.74,1,Male,mtortoishell5l@arstechnica.com,Mitchell Tortoishell
1239181,9/19/2002,50.13,5,Female,jedlin5m@posterous.com,Jenda Edlin
3916972,2/26/2004,4.22,4,Male,lgoodby5n@over-blog.com,Lon Goodby
2581512,10/28/2007,34.63,2,Female,kmaccook5o@cbc.ca,Kaitlynn MacCook
3213406,2/24/1995,65.69,3,Genderfluid,kpoxton5p@epa.gov,Kassie Poxton
2896182,3/30/1995,71.48,7,Male,tduffitt5q@eepurl.com,Terrence Duffitt
1099216,6/23/1998,20.72,2,Male,bbernard5r@sohu.com,Beau Bernard
4082574,5/10/2022,2.46,5,Male,pcockman5s@qq.com,Putnam Cockman
1796361,11/7/2012,99.83,1,Male,uyouings5t@apple.com,Ulric Youings
3683056,1/8/2015,21.33,6,Male,hgarrud5u@ow.ly,Henderson Garrud
2566710,11/27/2005,12.38,6,Male,lbachanski5v@infoseek.co.jp,Lawry Bachanski
3610902,11/23/2012,20.54,3,Female,sglackin5w@eepurl.com,Siobhan Glackin
2179339,1/12/2014,17.71,4,Female,scarcas5x@php.net,Suzann Carcas
4661980,8/9/2019,99.16,6,Male,mringer5y@163.com,Munroe Ringer
472245,1/24/1998,41.86,2,Female,upettus5z@narod.ru,Uta Pettus
2153770,3/3/2000,82.94,4,Male,ecornils60@theguardian.com,Esme Cornils
3145082,12/10/2000,90.38,3,Male,apoynter61@ehow.com,Aldrich Poynter
2092012,5/16/1994,67.87,4,Male,farnoud62@walmart.com,Frederick Arnoud
1115521,11/13/2011,68.18,1,Female,akennelly63@oakley.com,Aaren Kennelly
4439721,7/4/2004,76.64,5,Agender,hbellison64@admin.ch,Hesther Bellison
3168100,3/26/2001,72.2,4,Bigender,tcannavan65@spiegel.de,Torrance Cannavan
2022326,6/6/2001,71.71,3,Genderqueer,spates66@parallels.com,Stefania Pates
4371184,4/29/2013,73.46,4,Bigender,cdobbins67@yandex.ru,Cort Dobbins
4389656,8/16/2005,88.78,7,Male,dmcfarlan68@aol.com,Dag McFarlan
1849669,3/16/2008,39.0,2,Female,cmatthews69@marketwatch.com,Chiarra Matthews
3122190,7/21/1996,35.61,8,Male,atilzey6a@privacy.gov.au,Ash Tilzey
4121950,8/11/2021,55.75,3,Male,dglyde6b@icio.us,Dunn Glyde
1917382,11/3/1996,71.11,3,Male,hwelfair6c@list-manage.com,Hubert Welfair
3352637,1/16/1994,77.07,3,Male,tpecht6d@ucsd.edu,Tripp Pecht
4522254,6/21/2025,78.91,2,Female,ncasellas6e@example.com,Nanice Casellas
1050773,1/11/2003,42.57,6,Female,dcastro6f@oaic.gov.au,Dotti Castro
3493759,7/17/2000,13.83,8,Agender,llillee6g@pbs.org,Lock Lillee
2671896,4/10/2014,23.4,2,Male,ddavaux6h@wordpress.org,Doug D'Avaux
2447669,7/4/2010,25.3,4,Male,ldines6i@istockphoto.com,Lorant Dines
181758,9/28/2009,33.94,7,Male,mtriner6j@yahoo.com,Milty Triner
1629048,5/18/2012,49.08,8,Male,rscannell6k@soundcloud.com,Rafi Scannell
608514,7/11/2007,4.69,5,Female,jgiorgeschi6l@rambler.ru,Jocelin Giorgeschi
3194243,10/4/2012,40.32,8,Male,mlippett6m@webs.com,Mendy Lippett
2933406,10/28/2006,52.06,2,Male,hmarkos6n@mapy.cz,Harland Markos
508598,10/23/2021,92.1,8,Agender,krainbow6o@nytimes.com,Karolina Rainbow
1422671,11/12/2009,13.47,1,Female,kworcester6p@blogs.com,Katherina Worcester
117620,1/18/2018,83.74,3,Male,veastmead6q@nyu.edu,Vernor Eastmead
1885195,7/2/2001,38.25,2,Male,mthackston6r@posterous.com,Mannie Thackston
1732024,11/10/2022,8.88,8,Agender,shavenhand6s@epa.gov,Sergeant Havenhand
2239507,11/28/1998,93.84,4,Female,asnalom6t@google.ca,Ailyn Snalom
176134,5/19/2018,44.19,3,Male,shathorn6u@usda.gov,Sayres Hathorn
1246766,2/12/2019,97.0,2,Female,gdanielczyk6v@list-manage.com,Gerti Danielczyk
4403634,2/19/1999,41.39,7,Genderqueer,nde6w@topsy.com,Nero De La Coste
976212,1/3/2024,50.87,8,Female,tcolvine6x@wisc.edu,Theresina Colvine
902285,5/5/1997,6.04,8,Female,rbartul6y@people.com.cn,Rosabel Bartul
1128310,10/8/2020,32.28,8,Non-binary,acrossland6z@comsenz.com,Adair Crossland
2010254,12/20/2018,43.61,8,Female,ilohmeyer70@reference.com,Idalina Lohmeyer
197474,6/18/2000,63.59,7,Female,mbusse71@virginia.edu,Marena Busse
3408645,8/29/1995,4.7,3,Male,cancliff72@shareasale.com,Christophe Ancliff
2244579,2/20/1993,88.69,4,Female,mborer73@fc2.com,Melinde Borer
86455,1/19/2009,13.63,5,Male,esaulter74@eepurl.com,Erhard Saulter
182019,2/13/2008,46.83,5,Male,jashleigh75@berkeley.edu,Jonah Ashleigh
3890397,10/14/2023,14.34,7,Male,jfills76@jigsy.com,Joshuah Fills
2977919,1/11/2015,95.62,4,Female,vfirth77@lycos.com,Vinita Firth
2583088,12/26/1992,95.06,5,Female,tcloonan78@boston.com,Tybie Cloonan
908782,8/25/2023,82.35,5,Female,aderington79@sbwire.com,Adorne Derington
526580,7/29/2015,73.64,7,Female,fwoloschinski7a@macromedia.com,Faye Woloschinski
4805563,6/4/2023,46.92,8,Polygender,bhadwick7b@cbsnews.com,Blondelle Hadwick
981357,7/1/2000,49.78,7,Male,hbellord7c@java.com,Huntington Bellord
2649729,12/10/2013,11.12,2,Male,agonthard7d@51.la,Aldric Gonthard
2090513,9/13/2009,27.53,6,Male,gumpleby7e@google.de,Gavan Umpleby
782310,12/18/1998,18.14,4,Male,rdeancy7f@digg.com,Rogers de'-Ancy Willis
597982,4/28/2012,22.36,2,Female,mpitkeathley7g@biglobe.ne.jp,Marlena Pitkeathley
4323227,8/17/2025,25.31,1,Bigender,nbarthram7h@house.gov,Nolana Barthram
700315,6/14/2014,16.87,5,Female,gtothe7i@themeforest.net,Glenna Tothe
3056890,11/9/2000,6.99,3,Female,ldyer7j@nytimes.com,Lou Dyer
1311531,2/10/1997,30.75,8,Male,jeyres7k@google.fr,Jessee Eyres
4645754,3/31/2009,58.87,6,Male,bchasle7l@dedecms.com,Broddie Chasle
2139214,11/18/2009,86.65,4,Agender,cfarny7m@time.com,Cynthy Farny
1571980,1/11/1994,48.26,7,Female,wscullion7n@slate.com,Winni Scullion
4059276,7/23/2021,33.18,8,Female,lferronel7o@sciencedirect.com,Linnie Ferronel
3298996,9/8/2022,67.81,8,Male,ptrewin7p@cisco.com,Patrizio Trewin
2838606,9/6/1996,35.77,2,Female,mrowbury7q@uiuc.edu,Mariellen Rowbury
4042713,9/29/2009,49.78,2,Genderfluid,umulrean7r@opera.com,Urbano Mulrean
3458376,11/21/2018,26.72,2,Female,cswetenham7s@businessweek.com,Correna Swetenham
1924953,4/29/2009,41.29,6,Female,klunney7t@livejournal.com,Kimmi Lunney
42318,9/17/2002,8.66,7,Female,fdillicate7u@jigsy.com,Fallon Dillicate
1452901,4/29/2003,76.51,8,Genderqueer,cpavia7v@imdb.com,Corabelle Pavia
4865927,5/1/1995,67.43,2,Female,bbowering7w@histats.com,Bathsheba Bowering
2708473,11/19/2013,49.27,2,Male,jbriscow7x@ucoz.ru,Jozef Briscow
3647816,8/27/2015,70.63,2,Male,dbister7y@ning.com,Donal Bister
175756,9/6/2015,13.78,3,Female,cmonshall7z@indiegogo.com,Carmel Monshall
4507026,12/25/2009,72.37,5,Male,gbollom80@hud.gov,Gustave Bollom
2662969,1/10/2001,9.48,4,Female,blively81@reuters.com,Billi Lively
3360872,5/10/1993,61.0,6,Female,gburchess82@patch.com,Grata Burchess
1312553,12/18/2006,31.28,4,Male,egemson83@wikimedia.org,Ezra Gemson
3130211,7/22/2019,81.85,3,Male,awilder84@so-net.ne.jp,Arlan Wilder
2998366,9/15/2018,5.64,5,Female,kstirland85@newsvine.com,Kellie Stirland
685760,1/24/2015,64.49,6,Female,cmonnoyer86@sun.com,Cora Monnoyer
3449660,9/23/2024,10.8,5,Genderfluid,nwanklin87@drupal.org,Norry Wanklin
4330230,5/15/2002,85.37,4,Male,bsharrock88@ft.com,Bernie Sharrock
4569972,10/10/2007,72.16,2,Female,mzanneli89@blogspot.com,Maude Zanneli
584595,1/7/1992,56.55,3,Female,mmela8a@webnode.com,Miof mela Isles
1729808,9/8/2016,51.77,3,Male,vescolme8b@technorati.com,Vassily Escolme
1834308,1/10/1992,11.56,2,Female,temmert8c@hubpages.com,Tova Emmert
1827412,2/8/2007,22.44,5,Female,slyford8d@cbsnews.com,Sallie Lyford
1989746,11/29/1999,35.52,5,Female,hdornan8e@i2i.jp,Hildagarde Dornan
4978256,5/11/2017,49.24,5,Male,riwanicki8f@phoca.cz,Reece Iwanicki
3738794,3/25/2015,34.35,5,Female,cburet8g@berkeley.edu,Cecilia Buret
2544835,5/24/2015,13.14,3,Agender,sshakesby8h@usda.gov,Smitty Shakesby
3630764,8/5/1995,41.05,7,Male,flillo8i@pbs.org,Franciskus Lillo
660855,6/14/2020,71.49,5,Male,tclarke8j@go.com,Terrel Clarke
4631146,12/4/2008,55.53,6,Female,kolfert8k@amazon.co.jp,Kaitlynn Olfert
1415549,3/23/1991,62.74,4,Female,jdescroix8l@stumbleupon.com,Jeanine Descroix
2117414,4/21/2016,60.87,1,Female,lmcconnulty8m@redcross.org,Lilas McConnulty
4031819,8/6/2002,25.51,2,Female,jnewsome8n@latimes.com,Jackquelin Newsome
4599836,8/13/2014,53.45,2,Male,icranton8o@ucoz.ru,Izaak Cranton
4529112,12/18/1995,84.87,4,Female,tchiverton8p@vistaprint.com,Tawnya Chiverton
3378911,10/7/2023,10.78,1,Male,bduckhouse8q@digg.com,Brooks Duckhouse
1996939,6/2/2010,46.7,8,Female,fprior8r@newyorker.com,Freida Prior
3440772,9/14/1995,79.71,4,Male,ishillitto8s@addtoany.com,Ingar Shillitto
982598,1/30/2011,62.59,2,Female,chamblyn8t@github.io,Callie Hamblyn
763979,5/5/1992,5.26,6,Male,agilberthorpe8u@blogger.com,Ansel Gilberthorpe
1269500,7/5/1995,18.29,7,Female,ejerson8v@examiner.com,Elise Jerson
3592246,8/29/2011,19.29,4,Male,mtrow8w@e-recht24.de,Mace Trow
2135879,5/15/1995,88.4,8,Genderqueer,rmedeway8x@upenn.edu,Randolph Medeway
397100,8/10/1992,84.13,6,Female,hlegg8y@craigslist.org,Hollyanne Legg
3963253,2/9/1998,31.06,8,Female,dmccombe8z@go.com,Davita McCombe
3090300,10/5/1997,5.25,1,Female,odumsday90@edublogs.org,Oralla Dumsday
1009940,1/16/1998,15.33,8,Male,opeckett91@vkontakte.ru,Oswald Peckett
4029265,8/30/2015,82.19,8,Genderqueer,rtruggian92@furl.net,Revkah Truggian
3408092,2/11/2019,43.58,1,Female,lellens93@mashable.com,Lynnet Ellens
1609165,8/16/1997,91.39,8,Female,sladson94@miibeian.gov.cn,Shelly Ladson
1048200,9/29/1991,33.21,3,Male,crenforth95@sbwire.com,Clayson Renforth
145402,5/29/1998,95.36,1,Female,lkippling96@salon.com,Linnea Kippling
48980,6/28/2020,21.81,2,Male,hschwerin97@bluehost.com,Ham Schwerin
3491717,3/11/2006,61.96,6,Male,ajoreau98@sfgate.com,Arlan Joreau
1392066,2/20/2020,66.09,4,Female,sfrankiss99@toplist.cz,Sybilla Frankiss
1803071,12/20/2015,69.2,4,Male,opierro9a@cbsnews.com,Otho Pierro
886364,12/24/2020,48.98,5,Female,dbourdis9b@businessinsider.com,Dael Bourdis
2817019,1/5/1996,85.31,5,Male,acouzens9c@xing.com,Alister Couzens
4088534,2/27/2021,39.78,6,Male,skeig9d@mac.com,Sheffield Keig
2372536,12/14/2004,9.72,1,Male,bcawtheray9e@jigsy.com,Bertrand Cawtheray
112676,3/26/1993,22.43,4,Male,tfeavearyear9f@tumblr.com,Thaddus Feavearyear
1497446,11/18/2012,78.12,7,Non-binary,alazar9g@simplemachines.org,Ahmad Lazar
4202130,3/11/1995,41.59,4,Female,lflaonier9h@sbwire.com,Leone Flaonier
4892693,7/9/2000,55.81,7,Male,kdiche9i@theguardian.com,Kimble Diche
1286007,5/29/2019,65.2,1,Male,bcharkham9j@chicagotribune.com,Bucky Charkham
4936493,11/22/1994,34.17,2,Male,awitz9k@vk.com,Adlai Witz
3042262,3/24/2024,77.94,7,Female,mrawll9l@forbes.com,Minnaminnie Rawll
4589041,1/19/2000,29.5,8,Male,lmcveagh9m@discovery.com,Lorenzo McVeagh
348292,2/23/2017,63.8,5,Female,etimson9n@home.pl,Ericka Timson
2810623,10/4/2014,15.16,5,Male,wpettersen9o@telegraph.co.uk,Waiter Pettersen
617230,10/29/1992,5.08,7,Female,kmordie9p@google.ca,Kyle Mordie
975584,5/20/2019,33.3,7,Male,wthurman9q@dmoz.org,Walton Thurman
3438432,9/14/2000,56.55,2,Female,mkeam9r@nyu.edu,Margette Keam
3496593,5/23/2021,10.91,8,Female,lhutchinges9s@blogtalkradio.com,Laura Hutchinges
1976563,6/12/2007,84.84,5,Male,wgarrettson9t@newyorker.com,Wolfie Garrettson
1961134,4/6/2019,96.57,6,Male,bsinkinson9u@va.gov,Benyamin Sinkinson
177658,8/14/2025,58.51,4,Female,cpilkinton9v@amazon.de,Calli Pilkinton
3941494,5/12/2024,75.1,7,Male,dparnby9w@senate.gov,Dalton Parnby
3309408,10/6/1990,3.29,4,Male,fpaulino9x@mac.com,Frederich Paulino
3356842,1/2/2003,16.17,4,Polygender,lfurlong9y@acquirethisname.com,Lew Furlong
4060400,5/17/2005,38.05,7,Female,mpollicatt9z@uiuc.edu,Marika Pollicatt
1385962,3/18/2002,39.74,8,Male,galsforda0@jugem.jp,Griswold Alsford
4470138,1/16/2005,54.45,1,Female,clea1@sun.com,Celestina Le Maitre
4270697,8/20/1991,95.37,8,Male,tthurgooda2@google.de,Tadeas Thurgood
516210,3/19/2018,3.73,4,Male,hlea3@pbs.org,Hurleigh Le Marchant
2198733,7/30/2004,33.62,3,Male,cnormanvella4@github.io,Cy Normanvell
2270616,5/27/2013,10.02,4,Male,wlouisota5@tamu.edu,Wood Louisot
1873859,3/16/2014,47.89,2,Male,pdevonalda6@photobucket.com,Prescott Devonald
3863870,5/24/2014,48.95,8,Genderqueer,mglendenninga7@lulu.com,Maisey Glendenning
1230561,2/12/2004,35.42,3,Male,lrapseya8@rediff.com,Lemmie Rapsey
1743853,4/24/2003,81.24,8,Male,zmongeota9@merriam-webster.com,Zared Mongeot
756030,2/6/2025,65.65,2,Male,ckennhamaa@marketwatch.com,Cobby Kennham
3870704,3/9/2008,22.05,4,Male,ideboldab@theglobeandmail.com,Isak Debold
1076097,6/16/2016,98.92,4,Genderqueer,dallowayac@dell.com,Dosi Alloway
3889425,8/20/2022,98.32,3,Female,fevennettad@examiner.com,Fanchette Evennett
3402778,10/3/2012,30.23,5,Male,ehaswellae@moonfruit.com,Edmund Haswell
2622268,12/21/2002,50.15,5,Male,eshearwoodaf@washington.edu,Ermin Shearwood
3853401,10/6/1993,35.84,1,Genderfluid,rcleverlyag@who.int,Reade Cleverly
4145486,4/30/2008,55.45,2,Polygender,ilinsterah@reddit.com,Idaline Linster
3818247,3/4/1992,62.86,3,Female,glaunchburyai@ezinearticles.com,Gennie Launchbury
1058338,5/24/2011,2.89,2,Male,jkatzaj@woothemes.com,Jarrett Katz
858554,12/21/2018,88.57,8,Bigender,slithgowak@fc2.com,Somerset Lithgow
1533433,7/25/2019,98.94,3,Female,cdederickal@eepurl.com,Carol-jean Dederick
1290421,4/29/1994,23.64,8,Female,cleggenam@netscape.com,Caritta Leggen
1998879,8/18/1993,64.34,5,Female,lderringtonan@chronoengine.com,Lyndy Derrington
2445471,7/24/1993,25.37,6,Female,earrao@weebly.com,Esme Arr
3145368,2/7/2021,1.17,1,Male,bphearap@paypal.com,Bartolomeo Phear
4247162,3/10/2002,22.57,4,Male,nraddinaq@msu.edu,Nealson Raddin
3817302,1/1/2008,80.82,4,Female,cbaterar@bandcamp.com,Collette Bater
2170827,7/16/2025,81.09,7,Male,mtruinas@cnn.com,Marcellus Truin
1836979,12/28/1993,16.4,2,Female,bdaverenat@cnbc.com,Brear Daveren
3183556,2/22/2012,72.43,3,Male,emelsonau@github.io,Emmet Melson
51128,1/18/2012,7.73,1,Female,iciricav@gravatar.com,Ines Ciric
3332070,11/1/2023,48.46,2,Female,cgrinishinaw@cargocollective.com,Celestia Grinishin
2976768,6/28/2019,44.13,6,Female,bdeax@nyu.edu,Britt De Zamudio
3882028,4/6/2006,52.22,8,Agender,aaparkay@zdnet.com,Adore Apark
2120738,8/25/1998,65.7,4,Male,mferranaz@timesonline.co.uk,Marmaduke Ferran
4144081,11/3/2000,4.59,7,Male,nmacknishb0@chronoengine.com,Nathanial Macknish
1251107,4/1/1996,16.58,5,Female,sdugoodb1@spotify.com,Sybilla Dugood
363651,10/30/2024,35.41,7,Male,csherebrookeb2@barnesandnoble.com,Clark Sherebrooke
3001826,10/19/1996,36.42,8,Male,hpauluzzib3@wunderground.com,Holly Pauluzzi
213490,3/3/1992,65.47,1,Male,afremantleb4@usda.gov,Allyn Fremantle
1944653,9/23/2019,5.85,6,Male,sshallcrassb5@dropbox.com,Stephan Shallcrass
3415959,8/29/2016,78.72,5,Female,loxburyb6@flickr.com,Lindie Oxbury
716455,11/20/2014,37.58,3,Male,ctaillantb7@cdc.gov,Chadd Taillant
765400,8/8/2014,18.76,1,Male,mcroisdallb8@mayoclinic.com,Michel Croisdall
1186629,7/29/2013,39.75,2,Male,stomleyb9@reverbnation.com,Silvanus Tomley
4472491,11/11/2021,73.82,2,Female,hcorbynba@addthis.com,Hedy Corbyn
1117887,3/26/2019,43.31,5,Female,jmaccartbb@devhub.com,Jacky MacCart
162332,5/7/2010,80.6,1,Polygender,gbarrowsbc@independent.co.uk,Gale Barrows
2512882,9/25/2019,19.76,7,Female,aflaritybd@nih.gov,Annis Flarity
3015342,10/8/2000,62.5,1,Bigender,cpulequebe@va.gov,Clarance Puleque
1828373,12/22/2023,5.06,1,Male,wbirdallbf@taobao.com,Woodman Birdall
4964151,10/26/1996,50.19,6,Female,kdiffleybg@zdnet.com,Kathleen Diffley
2382255,6/14/2017,57.7,3,Male,wstandevenbh@ocn.ne.jp,Win Standeven
4654912,8/20/1995,31.02,8,Female,ckiernanbi@webs.com,Catina Kiernan
120806,1/26/2012,76.84,7,Polygender,wtandybj@elpais.com,Windy Tandy
4765279,4/17/2006,14.48,3,Male,lseverbk@cyberchimps.com,Lauren Sever
833786,11/23/2019,5.46,6,Male,mcuttlebl@simplemachines.org,Manfred Cuttle
1312846,7/11/1999,37.43,5,Male,rmaccaguebm@macromedia.com,Ruddy MacCague
764291,1/4/2021,57.23,5,Female,mnowakowskabn@cbslocal.com,Maxine Nowakowska
2422566,4/18/2025,8.18,8,Female,alambirdbo@unicef.org,Alisha Lambird
4249273,6/1/2010,79.73,4,Male,hbamlettbp@ifeng.com,Holden Bamlett
4574353,12/15/2009,49.21,3,Male,cglencrosbq@alexa.com,Calhoun Glencros
3651558,3/17/2009,96.01,3,Agender,mbarreaubr@cbsnews.com,Myrta Barreau
4255235,4/3/2020,32.05,7,Female,vshilstonebs@51.la,Verina Shilstone
3425118,3/28/1998,64.35,6,Male,tswarbrickbt@furl.net,Tremain Swarbrick
2641696,10/3/2015,44.58,3,Female,kfarrabu@google.de,Kailey Farra
4951881,10/27/1994,66.38,7,Male,vickoviczbv@si.edu,Vidovic Ickovicz
3855659,6/6/1994,39.77,2,Male,hwateridgebw@bbc.co.uk,Hayden Wateridge
3371122,2/21/2018,96.89,4,Male,bmcgowanbx@bloglovin.com,Bobby McGowan
446223,1/4/1992,28.39,2,Female,acasperby@stumbleupon.com,Aidan Casper
1659892,6/15/2007,96.93,8,Female,ttomsbz@is.gd,Tamera Toms
2259457,12/8/2020,9.78,1,Female,kaustwickc0@bloglines.com,Kylie Austwick
4048894,12/25/2011,55.64,6,Male,wdrinkelc1@go.com,Wiley Drinkel
672380,5/29/2018,77.78,3,Male,ihaddowc2@wired.com,Isidor Haddow
4974562,2/21/2000,56.59,6,Genderfluid,naucottc3@theglobeandmail.com,Nikkie Aucott
4495607,3/21/2020,4.49,1,Female,sbonicellic4@wordpress.com,Sophi Bonicelli
2629451,2/19/1993,50.94,6,Female,boslarc5@nifty.com,Bobbye Oslar
47124,10/24/2003,34.13,5,Female,vwallikerc6@cargocollective.com,Vally Walliker
2580545,2/15/2007,13.95,7,Female,egoudgec7@squarespace.com,Elfrida Goudge
3398899,1/4/2022,90.67,5,Male,emclucasc8@ehow.com,Erv McLucas
1479419,5/29/2008,35.31,2,Female,vbarukhc9@comcast.net,Valida Barukh
1057453,5/8/1995,79.91,8,Male,brawlsca@rambler.ru,Bail Rawls
679488,2/21/2005,53.21,7,Male,gocrottycb@surveymonkey.com,Glyn O'Crotty
3434627,4/3/2020,2.46,5,Female,rrodgmancc@delicious.com,Roselle Rodgman
4627057,2/12/1994,91.46,5,Polygender,ekauffmancd@pbs.org,Etan Kauffman
4779706,9/24/2007,14.29,2,Male,edambrosioce@com.com,Earlie D'Ambrosio
4434701,2/8/2007,48.92,5,Genderfluid,jmyerscoughcf@wordpress.org,Jeannette Myerscough
4487558,3/3/2010,41.27,8,Bigender,ccodmancg@hexun.com,Cristi Codman
1159048,8/28/2006,47.87,5,Male,cfeych@vistaprint.com,Curr Fey
4653908,8/3/1997,78.92,4,Male,mmorstonci@cmu.edu,Mike Morston
1680752,9/23/2018,63.81,3,Male,dscramagecj@senate.gov,Domenic Scramage
269725,10/16/1996,61.98,7,Male,pivanonkock@geocities.com,Paddy Ivanonko
58610,10/22/2001,6.5,8,Female,lduffieldcl@state.gov,Lorine Duffield
1965402,6/6/1995,23.36,8,Female,bjahnscm@usgs.gov,Britney Jahns
412238,2/10/2012,39.25,1,Female,ddoullcn@google.com.br,Domini Doull
1995556,7/20/2007,62.25,1,Female,bcunioco@buzzfeed.com,Brittney Cunio
690771,1/16/1998,94.06,5,Female,fstarmontcp@who.int,Fawnia Starmont
4318904,1/20/2015,92.16,2,Female,ahintzecq@nasa.gov,Anastasia Hintze
18844,2/5/1993,49.95,8,Male,lschellecr@ihg.com,Linn Schelle
687441,12/13/2000,92.21,5,Male,ksibberingcs@indiatimes.com,Kerr Sibbering
2593265,12/7/2014,80.94,7,Female,adalesct@lulu.com,Adda Dales
2150938,8/28/2020,97.29,8,Female,bsartincu@geocities.jp,Barbette Sartin
695846,6/16/2025,76.08,8,Female,mchupincv@posterous.com,Mavis Chupin
2374905,11/10/2002,81.13,5,Female,jhuttencw@free.fr,Jerrine Hutten
2018526,4/18/2018,40.06,4,Female,aheinzlercx@gmpg.org,Aloise Heinzler
3982852,11/9/2001,41.71,2,Male,hhendonsoncy@ebay.com,Hymie Hendonson
2859283,1/1/2007,64.53,1,Male,flacknercz@myspace.com,Fleming Lackner
2782847,6/12/2007,11.52,4,Polygender,dhazartd0@example.com,Dianna Hazart
833667,4/13/2017,22.46,1,Male,dded1@toplist.cz,Dimitry De Laspee
4096694,6/15/1992,11.2,2,Female,kvoyced2@usatoday.com,Kalila Voyce
4310124,7/21/2022,92.74,7,Non-binary,ccadlockd3@biblegateway.com,Cary Cadlock
4786682,10/11/2016,73.21,7,Female,kcambelld4@apple.com,Katti Cambell
2674542,4/10/2023,78.14,1,Female,nrodderd5@senate.gov,Nannette Rodder
2436999,3/24/2025,83.29,6,Male,mnorledged6@seattletimes.com,Maxwell Norledge
3332451,1/29/2009,2.42,3,Female,ebeechd7@alexa.com,Eleen Beech
4239020,9/24/1997,1.8,1,Male,rlovelessd8@tmall.com,Ravi Loveless
4857463,1/26/2016,97.61,4,Female,rguyersd9@oakley.com,Reiko Guyers
4538664,6/21/2016,67.04,3,Genderqueer,kstda@about.com,Karee St. Queintain
3193989,3/20/2012,96.61,2,Male,bbernolletdb@people.com.cn,Boot Bernollet
2867630,11/12/1994,80.04,2,Polygender,afluxdc@live.com,Alvis Flux
4234064,7/18/2006,39.85,3,Male,vberkelaydd@wsj.com,Vinny Berkelay
3843392,8/29/2010,41.85,6,Male,pzoppode@patch.com,Patin Zoppo
2939606,12/3/2001,56.24,3,Female,rhuccabydf@zdnet.com,Riannon Huccaby
645126,10/2/2000,75.59,5,Female,rpashdg@multiply.com,Riva Pash
4713219,2/12/2010,44.68,5,Female,cpinnigardh@paypal.com,Charla Pinnigar
2195885,6/5/1998,37.1,8,Male,hmullesdi@toplist.cz,Hill Mulles
550488,4/27/2023,53.56,5,Male,sarmatysdj@businessweek.com,Stevy Armatys
2505261,11/29/2011,71.11,7,Male,ltotherdk@digg.com,Lucias Tother
1493340,5/17/1993,4.64,6,Male,sdedl@photobucket.com,Sammy De Giorgio
1457279,12/18/1998,20.84,5,Male,frobotthamdm@google.de,Fields Robottham
1704175,2/13/2005,75.61,1,Female,iflucksdn@springer.com,Inesita Flucks
3026343,5/29/1999,74.34,7,Male,pkirkhamdo@w3.org,Patten Kirkham
689312,12/5/2007,33.39,2,Female,goshesnandp@sohu.com,Gwyneth O'Shesnan
2589651,9/13/2012,96.69,1,Female,kkruschevdq@barnesandnoble.com,Karoly Kruschev
4390124,9/7/2003,82.99,2,Male,alabittdr@booking.com,Aleksandr Labitt
95383,11/15/2000,26.37,5,Agender,bdurtnallds@smh.com.au,Belita Durtnall
4719771,9/12/2015,25.65,4,Female,jbonafantdt@g.co,Julee Bonafant
3939651,10/15/2019,60.77,8,Male,ihuyghedu@over-blog.com,Innis Huyghe
3030654,7/14/2003,83.78,6,Genderfluid,lfitzsymonsdv@hibu.com,Lamont Fitzsymons
203251,6/19/2009,20.68,7,Female,rswyredw@cpanel.net,Rosa Swyre
2916743,11/30/1995,42.05,7,Male,sauldsdx@china.com.cn,Slade Aulds
3156504,1/15/2013,89.32,4,Male,evertydy@usa.gov,Erich Verty
342154,11/22/2018,92.69,2,Female,tbroomerdz@myspace.com,Tony Broomer
3628833,2/5/1999,27.27,6,Male,ulowene0@taobao.com,Ulberto Lowen
1258291,6/29/2021,91.38,4,Male,grubicae1@com.com,Gael Rubica
1176683,8/26/2016,93.75,6,Male,gvane2@behance.net,Germayne Van den Velde
3487589,3/8/1995,85.67,6,Male,tmardelle3@hubpages.com,Torrin Mardell
3206600,5/27/2024,77.16,5,Agender,bgauchiere4@jugem.jp,Bianka Gauchier
429083,2/2/2021,81.16,3,Female,dcozense5@foxnews.com,Dominica Cozens
2370981,10/11/2013,63.87,5,Female,vaschee6@sina.com.cn,Vinni Asche
124063,11/28/2010,59.5,5,Female,ckennewaye7@ebay.com,Christina Kenneway
1138421,8/17/2000,12.35,5,Female,emacmeekinge8@joomla.org,Elnora MacMeeking
3418411,4/23/1996,44.25,2,Male,lgoodinsone9@dmoz.org,Lindy Goodinson
4810532,12/20/2010,22.39,1,Male,awhittickea@angelfire.com,Andres Whittick
3216127,11/11/2024,59.43,6,Female,enoiceeb@google.ru,Emmalynne Noice
1288762,9/7/2020,74.97,6,Polygender,lmarquisec@sogou.com,Lanie Marquis
2327542,4/29/2000,35.72,1,Male,ggiggieed@gov.uk,Greg Giggie
103439,10/23/1991,45.23,5,Bigender,roneillee@blogger.com,Rodger O'Neill
2254447,1/17/1995,89.39,4,Male,ssnelgroveef@gizmodo.com,Sig Snelgrove
2726583,9/29/2015,70.6,5,Female,ddesseineeg@yellowpages.com,Dreddy Desseine
3474675,6/5/2012,70.15,5,Male,gturneauxeh@e-recht24.de,Gifford Turneaux
794552,10/9/1998,31.03,3,Male,bforsterei@epa.gov,Burnard Forster
4766562,1/8/2005,85.47,8,Genderfluid,kmcmylerej@sina.com.cn,Klement McMyler
4840193,4/28/2025,83.53,1,Female,lcacacieek@imageshack.us,Leonora Cacacie
4394644,8/15/1995,44.84,2,Male,rblagdonel@tiny.cc,Rip Blagdon
4956952,3/24/2016,91.86,7,Male,wknowlingem@biglobe.ne.jp,Weylin Knowling
384578,12/13/2018,84.29,8,Female,tsterzakeren@google.co.uk,Theressa Sterzaker
4713090,2/28/1995,22.19,1,Female,sjeannequineo@opensource.org,Susanna Jeannequin
599963,9/30/2013,23.39,8,Female,riacovinoep@dedecms.com,Ruthanne Iacovino
557776,10/21/2017,39.98,7,Female,jabbotsoneq@craigslist.org,Jess Abbotson
597615,6/3/2023,76.5,1,Male,gjenkisoner@ed.gov,Gardiner Jenkison
4332791,8/4/2022,97.79,6,Female,btumbeltyes@constantcontact.com,Beret Tumbelty
1717970,9/25/2013,39.07,5,Agender,cmiccoet@instagram.com,Cherish Micco
2425844,7/31/2019,16.45,6,Male,gbeckeneu@wufoo.com,Guglielmo Becken
2207200,11/9/2022,51.12,1,Female,ipatkinev@theguardian.com,Illa Patkin
443437,3/2/2014,73.87,7,Female,atresloveew@nih.gov,Amabelle Treslove
2160166,10/29/2019,98.46,5,Female,oparletex@flickr.com,Orelle Parlet
1197960,4/18/1991,48.01,5,Female,rfeareyey@usda.gov,Randee Fearey
652403,12/24/2000,44.5,7,Female,lmartillez@fotki.com,Loni Martill
2925922,12/4/2003,49.39,4,Female,tpenneyf0@wired.com,Trudey Penney
3272397,1/1/1995,21.88,3,Female,cmatzf1@boston.com,Caria Matz
3317908,5/13/2005,29.65,8,Male,jticksallf2@uol.com.br,Jamill Ticksall
2585767,5/13/1993,50.25,5,Female,jogdenf3@foxnews.com,Justine Ogden
1572219,8/21/2006,92.81,1,Male,ctickelf4@tinyurl.com,Cart Tickel
4939929,11/28/2016,86.14,5,Male,nchesef5@europa.eu,Nicolais Chese
2308454,6/17/1994,12.74,8,Male,mmonkemanf6@whitehouse.gov,Menard Monkeman
1919780,9/20/2017,47.12,1,Female,ctyef7@goo.ne.jp,Charis Tye
820434,7/28/2001,56.1,2,Female,jhardwickf8@freewebs.com,Jeanie Hardwick
49005,11/16/2018,54.94,3,Male,edeckerf9@walmart.com,Ewell Decker
358899,10/28/2004,81.43,7,Male,prothchildfa@merriam-webster.com,Prentiss Rothchild
2615989,11/27/1993,88.1,4,Male,rleghfb@tiny.cc,Riccardo Legh
3234154,11/1/2002,38.95,8,Male,cmcterrellyfc@mit.edu,Curtice McTerrelly
3970824,7/12/2002,34.44,8,Female,msandellsfd@globo.com,Marji Sandells
1684436,3/9/2015,43.3,7,Female,rscowcroftfe@google.nl,Rene Scowcroft
3448819,10/25/2016,16.06,4,Female,amachenff@newsvine.com,Arda Machen
3978045,10/8/1997,15.68,1,Female,clutwidgefg@weebly.com,Corrina Lutwidge
2111173,3/4/1995,82.92,6,Male,dlethemfh@meetup.com,Dorey Lethem
97387,9/22/2011,92.45,8,Male,mgrishankovfi@nature.com,Marcus Grishankov
2210344,9/29/2017,3.78,1,Female,lmacpikefj@virginia.edu,Lynna MacPike
4443315,5/5/2013,11.82,5,Polygender,achatainierfk@boston.com,Ashien Chatainier
1632065,11/30/2019,42.25,7,Male,pwallerbridgefl@ed.gov,Percy Waller-Bridge
1771465,1/1/2011,66.38,1,Female,dsigwardfm@webs.com,Dorotea Sigward
1198898,11/6/2023,62.85,4,Female,tschafflerfn@google.co.jp,Tiffanie Schaffler
761929,4/20/1999,49.48,3,Female,cweedenfo@bigcartel.com,Charlot Weeden
1097548,5/4/2000,99.27,4,Male,cnasifp@latimes.com,Carce Nasi
2849789,4/9/2015,93.9,4,Female,khuntrissfq@soup.io,Kat Huntriss
963647,8/11/2017,47.24,8,Male,adowreyfr@furl.net,Aymer Dowrey
1425061,12/11/2018,62.38,1,Female,mprewfs@sciencedaily.com,Margery Prew
261468,8/21/2020,44.46,2,Male,ggurdenft@bizjournals.com,Ginger Gurden
2549609,12/2/2009,7.51,5,Male,tvesquefu@webeden.co.uk,Todd Vesque
3305980,9/13/2016,22.26,3,Bigender,cmacgillreichfv@prnewswire.com,Clementius MacGillreich
2687568,9/17/2024,96.15,7,Female,sivakhnovfw@census.gov,Shandeigh Ivakhnov
4856900,5/4/1996,17.84,7,Female,lkornesfx@bizjournals.com,Lonna Kornes
1585524,6/13/1991,95.31,7,Male,awetherilfy@europa.eu,Aksel Wetheril
4922471,7/5/2000,69.5,1,Male,mdillwayfz@quantcast.com,Melvyn Dillway
1858269,2/3/2012,93.87,5,Male,abollong0@nyu.edu,Adrian Bollon
3166730,5/19/2013,88.97,2,Female,svanettig1@github.com,Sarena Vanetti
3944007,2/5/2025,52.09,6,Male,cshereg2@booking.com,Che Shere
4248604,7/5/2018,54.36,6,Female,abowellg3@homestead.com,Alidia Bowell
4452798,3/29/2020,55.27,6,Male,eauklandg4@businessweek.com,Eduino Aukland
4675052,9/30/2015,91.57,3,Male,qmulbryg5@yahoo.com,Quinlan Mulbry
1319357,8/4/2010,98.81,3,Male,fbruinemanng6@moonfruit.com,Fredric Bruinemann
1276063,3/6/2014,8.22,3,Male,nfellenorg7@mashable.com,Nye Fellenor
1429845,10/2/2005,6.98,5,Female,kcostang8@xrea.com,Kirsti Costan
1879695,8/31/2024,59.24,2,Female,lrossbrookeg9@wikipedia.org,Lauraine Rossbrooke
1571050,12/16/2000,66.79,4,Female,spitmanga@pagesperso-orange.fr,Sophi Pitman
62851,7/14/1995,5.08,8,Female,flucegb@census.gov,Fan Luce
756577,6/7/2003,7.14,1,Male,wocrowleygc@vinaora.com,Welch O'Crowley
2472088,5/24/2005,32.63,8,Male,zdaverangd@rambler.ru,Zebadiah Daveran
2410324,7/24/1991,92.0,4,Female,djimmisonge@ucoz.ru,Daryn Jimmison
4625342,1/24/2011,15.16,7,Male,ndrinkhillgf@ft.com,Nichols Drinkhill
1140124,10/29/1997,12.73,3,Female,asimoneschigg@twitpic.com,Allyn Simoneschi
32083,3/24/2023,5.79,4,Female,gwalshgh@unblog.fr,Gillian Walsh
980686,6/30/2003,27.18,7,Male,sfaingi@va.gov,Standford Fain
1713300,10/1/1991,82.78,3,Bigender,bokinneallygj@google.de,Berry O'Kinneally
521567,11/13/2007,90.41,2,Male,wesherwoodgk@state.tx.us,Will Esherwood
16983,2/14/2018,78.31,2,Female,gtuckergl@a8.net,Giana Tucker
1903961,9/22/2003,66.1,3,Female,saparkgm@live.com,Sharron Apark
4367240,8/18/2023,97.52,5,Female,iescottgn@fc2.com,Isahella Escott
3270918,5/26/1996,62.21,7,Male,etitteringtongo@discuz.net,Erastus Titterington
4496153,6/12/2015,8.09,1,Male,daikettgp@ihg.com,Dame Aikett
4673117,11/27/2012,75.88,6,Male,mrayntongq@google.cn,Markos Raynton
2780791,4/19/1997,45.98,5,Agender,ngumbgr@scientificamerican.com,Natalina Gumb
413536,7/23/2025,12.05,6,Female,jjongs@fema.gov,Jemie Jon
3386266,6/24/2023,51.74,8,Male,glombardgt@imdb.com,Giffie Lombard
3079188,7/17/2002,50.56,4,Female,pmosleygu@abc.net.au,Poppy Mosley
852431,9/8/2016,11.12,1,Male,hvelagv@state.gov,Hillel Vela
4019408,3/17/2021,83.3,7,Male,agodlontongw@scientificamerican.com,Alistair Godlonton
3013517,4/23/2000,76.05,8,Male,oogx@rakuten.co.jp,Oliver O' Meara
2743601,9/10/2024,38.79,5,Female,jgrigolashvillgy@ask.com,Jenilee Grigolashvill
157170,4/10/2008,98.52,4,Female,pmichalgz@geocities.com,Phylis Michal
3669433,6/9/2022,99.53,2,Female,ereardonh0@dyndns.org,Elle Reardon
2974603,11/23/1993,21.91,8,Male,gbalmah1@msn.com,Griffith Balma
2824312,9/19/2009,42.11,3,Male,jnehlsh2@youtube.com,Jaimie Nehls
494261,3/21/2017,97.41,2,Non-binary,gupjohnh3@microsoft.com,Gregorio Upjohn
4797385,6/22/2006,90.43,3,Male,ibunningh4@e-recht24.de,Inigo Bunning
1479748,2/12/2023,96.66,4,Female,rjewiseh5@chronoengine.com,Rochella Jewise
4147307,9/18/2000,6.11,7,Male,zlevensh6@jalbum.net,Zane Levens
1607147,1/30/2016,6.3,8,Male,kguinaneh7@yolasite.com,Kristofer Guinane
4402590,6/6/1996,63.78,3,Non-binary,kfanstoneh8@foxnews.com,Korrie Fanstone
4906786,6/26/2021,65.82,8,Non-binary,bdelieuh9@wsj.com,Braden Delieu
3887748,12/14/2000,75.46,3,Female,sbeisleyha@ft.com,Sabina Beisley
1065848,2/16/2004,18.74,5,Female,ecordelethb@de.vu,Emlynne Cordelet
1001068,11/10/2011,56.82,7,Male,hshayhc@ucsd.edu,Hayden Shay
1101448,7/8/2012,20.23,5,Female,pcordelettehd@un.org,Patience Cordelette
2166703,2/9/2021,56.61,1,Male,wbritziushe@ft.com,Whitby Britzius
3944622,10/29/2010,32.11,8,Female,sscrangehf@census.gov,Sherye Scrange
3678497,9/25/2013,52.91,7,Male,sdoucettehg@yandex.ru,Sigfrid Doucette
503978,3/2/1997,98.87,1,Male,rpetohh@go.com,Ronny Peto
4600634,10/5/2002,60.88,1,Female,dtooleyhi@diigo.com,Dreddy Tooley
4274268,9/28/2011,65.72,2,Female,uricardohj@redcross.org,Ursola Ricardo
1651651,12/17/2011,76.73,6,Female,bmaccoughenhk@vinaora.com,Bird MacCoughen
2170715,9/1/2000,16.58,5,Male,tbrazhl@nature.com,Torrance Braz
1205277,12/31/2017,59.29,2,Agender,ccasohm@examiner.com,Cyrill Caso
3095720,12/2/2008,95.36,3,Male,kholganhn@cisco.com,Kellen Holgan
4985707,11/7/2005,94.14,1,Male,htittershillho@livejournal.com,Harlen Tittershill
210257,7/12/2012,97.67,7,Female,againehp@diigo.com,Aurelea Gaine of England
1539162,10/25/2020,70.66,4,Female,eshawellhq@pinterest.com,Erna Shawell
3567734,6/2/2021,36.34,6,Male,bcrosbiehr@so-net.ne.jp,Benjy Crosbie
3217735,1/9/2009,89.76,1,Male,gtapsonhs@ibm.com,Glenden Tapson
2581395,2/13/2002,31.07,1,Non-binary,dgiacovettiht@nhs.uk,Dorian Giacovetti
2375018,8/17/2005,43.35,8,Female,rgudehu@dailymail.co.uk,Rennie Gude
871714,6/10/2011,61.42,2,Female,rshallcroffhv@engadget.com,Randi Shallcroff
439137,4/1/1995,12.86,7,Female,mmozzettihw@imgur.com,Marie-ann Mozzetti
3867170,6/10/2013,98.8,8,Female,clenneyhx@pinterest.com,Cara Lenney
770964,4/22/2005,79.25,6,Female,abuntinhy@bbb.org,Agnesse Buntin
457044,9/27/2006,75.64,8,Female,mbickerdikehz@edublogs.org,Meriel Bickerdike
2358644,3/23/2012,7.28,1,Male,ecarelessi0@rediff.com,Emelen Careless
1989552,7/2/2013,49.97,7,Male,dtackleyi1@mit.edu,Dannie Tackley
3469627,8/12/2018,40.32,7,Female,spirellii2@moonfruit.com,Shirlene Pirelli
3528484,8/20/2021,26.04,1,Male,mfranyi3@mac.com,Manny Frany
3013319,4/6/2022,83.33,7,Female,gbrooksi4@dailymail.co.uk,Gladys Brooks
43556,8/28/2012,57.82,2,Male,tbourgeti5@wikimedia.org,Tiebout Bourget
3225942,12/13/2010,61.15,2,Female,aeskricki6@acquirethisname.com,Alisha Eskrick
2047162,4/27/2005,5.64,8,Male,giviei7@nsw.gov.au,Gaylor Ivie
1975848,5/8/2025,22.62,8,Female,nrobertoi8@berkeley.edu,Netta Roberto
3162810,8/2/2002,60.62,4,Genderfluid,lodownei9@weather.com,Leonhard O'Downe
3517773,9/18/2011,64.91,6,Female,alambersenia@qq.com,Arabella Lambersen
2411951,7/16/2001,7.24,4,Male,sgladdisib@nationalgeographic.com,Stacy Gladdis
315210,6/26/2005,74.51,4,Male,abartoszewiczic@elpais.com,Archibaldo Bartoszewicz
4397962,10/28/1999,83.89,3,Female,olennardid@booking.com,Odelinda Lennard
1691506,11/3/1992,5.92,1,Female,tickeringillie@lulu.com,Theo Ickeringill
2982398,5/7/2002,15.69,7,Male,awoofendellif@chicagotribune.com,Abran Woofendell
374290,1/26/2004,54.14,1,Female,cfurmedgeig@hexun.com,Caria Furmedge
2607744,11/23/2015,55.76,8,Male,zwestih@mail.ru,Zachery West
2347534,10/8/2005,91.44,2,Male,dmccarronii@ehow.com,Dex McCarron
2320583,8/3/2004,40.0,5,Male,sbohlmannij@weebly.com,Sayres Bohlmann
1225510,3/12/2016,64.11,6,Female,rchampik@google.fr,Rori Champ
4928926,7/18/1991,62.73,8,Female,afeveryearil@bizjournals.com,Aubine Feveryear
1841374,2/1/2010,87.03,5,Male,gtodeoim@baidu.com,Gamaliel Todeo
1968874,6/22/2016,40.22,2,Female,hfrowdein@live.com,Helen-elizabeth Frowde
2737910,12/16/2024,63.3,3,Male,ygemelliio@smh.com.au,Yardley Gemelli
3546436,4/29/2020,93.29,6,Female,fmeacherip@wunderground.com,Felipa Meacher
2563592,7/7/2020,33.2,6,Female,rskeermeriq@unc.edu,Rosalia Skeermer
250328,8/26/2002,98.8,4,Male,oklammtir@samsung.com,Osborne Klammt
2272915,9/14/2006,44.45,6,Male,mstis@geocities.jp,Marijn St. Paul
2670646,4/3/2019,21.0,2,Female,cseedmanit@netlog.com,Charlotte Seedman
4973679,10/18/1996,77.61,2,Female,jclappiu@slate.com,Jojo Clapp
564995,6/10/1991,87.18,7,Genderfluid,jreynoldsiv@yahoo.co.jp,Jefferey Reynolds
4313367,9/11/2002,91.35,1,Male,koldknowiw@constantcontact.com,Karney Oldknow
4472971,10/22/2010,60.01,7,Male,pnoahix@posterous.com,Pip Noah
2520795,9/13/2003,53.85,8,Male,nkenratiy@surveymonkey.com,Nil Kenrat
2711065,3/30/2009,14.63,5,Male,fbradborneiz@cloudflare.com,Friedrick Bradborne
3095318,12/12/1990,78.01,2,Female,ecelizj0@huffingtonpost.com,Esta Celiz
2788657,11/26/2008,75.54,8,Female,dannablej1@123-reg.co.uk,Dulcie Annable
1047474,12/16/2002,93.84,8,Female,cmartinsonj2@scribd.com,Caro Martinson
1926759,7/7/2019,94.75,8,Male,rtrammelj3@360.cn,Rand Trammel
3120994,2/2/2005,21.18,3,Female,egannyj4@wordpress.org,Emilia Ganny
4585958,3/16/2009,93.44,5,Female,roharneyj5@linkedin.com,Reeta O'Harney
4360037,6/6/2017,46.83,6,Non-binary,mkernaghanj6@dropbox.com,Maribelle Kernaghan
4925486,10/13/2024,34.12,3,Non-binary,lpithcockj7@ucoz.ru,Lyndell Pithcock
2816322,4/25/1997,61.15,3,Male,dbrambellj8@cafepress.com,Delmar Brambell
937830,1/9/2021,39.62,3,Female,kbetjesj9@usgs.gov,Kendre Betjes
4465170,3/17/1999,83.03,8,Female,coddja@miibeian.gov.cn,Cristina Odd
4140641,5/1/2006,91.06,1,Female,zminsterjb@list-manage.com,Zara Minster
4791743,4/15/1994,48.78,5,Polygender,mmaciaszekjc@list-manage.com,Margette Maciaszek
3565078,3/3/2025,60.5,6,Female,mcancellariojd@army.mil,Merry Cancellario
569775,12/6/2023,86.19,2,Female,kcomoje@mashable.com,Kristina Como
929744,12/11/1998,5.54,4,Female,hduinbletonjf@europa.eu,Harriette Duinbleton
3614995,11/3/2016,29.74,6,Male,cbohanjg@slashdot.org,Carney Bohan
4314705,6/15/2022,80.89,6,Female,mbridgemanjh@si.edu,Marilyn Bridgeman
4477550,2/26/2002,91.08,5,Male,bsnoddinji@dedecms.com,Bendick Snoddin
4837796,7/2/2000,85.81,2,Bigender,ffollacarojj@chronoengine.com,Frankie Follacaro
2073866,5/15/2012,74.05,6,Female,dcashenjk@ning.com,Deeann Cashen
2524445,11/14/1990,86.15,6,Female,hfitzpatrickjl@w3.org,Holly Fitzpatrick
1779935,12/23/2004,9.13,4,Bigender,egrogerjm@howstuffworks.com,Elwin Groger
3864673,4/2/2011,66.83,7,Genderqueer,ftuffsjn@pinterest.com,Flss Tuffs
3541383,7/20/1991,9.66,2,Male,hraujo@eepurl.com,Harwell Rau
3260732,8/14/2016,23.91,1,Female,kscotcherjp@google.com,Kirsti Scotcher
4268721,6/5/2020,23.86,6,Male,oemmottjq@shutterfly.com,Orion Emmott
2526855,2/11/2011,27.48,8,Male,bcoalburnjr@examiner.com,Benson Coalburn
3530105,1/11/2001,52.59,6,Male,gstockjs@infoseek.co.jp,Georas Stock
3799101,6/23/2008,47.95,1,Male,sstandingfordjt@comcast.net,Stinky Standingford
2951364,8/30/1995,36.04,3,Female,nphilipardju@huffingtonpost.com,Neely Philipard
3464055,10/21/1990,29.12,7,Male,jpippinjv@fc2.com,Johny Pippin
1237104,4/1/2008,80.46,3,Female,pgilvearjw@webeden.co.uk,Pam Gilvear
1236437,12/21/2020,17.35,2,Male,achittimjx@intel.com,Alasdair Chittim
1788131,7/26/1998,86.45,8,Female,kreaneyjy@ehow.com,Karel Reaney
2484629,8/16/2013,63.74,5,Male,eransomjz@cnet.com,Everard Ransom
3456701,9/22/2016,13.52,8,Non-binary,bbenoitonk0@tamu.edu,Bianca Benoiton
3433221,5/26/1996,54.09,6,Female,rbarbarak1@woothemes.com,Ruthann Barbara
2020644,2/28/2013,63.63,2,Bigender,lkitchasidek2@freewebs.com,Lorelei Kitchaside
2418032,12/1/1995,18.31,5,Male,dzaniolinik3@ezinearticles.com,Donalt Zaniolini
1162023,10/9/2005,11.45,7,Genderfluid,rklimpk4@pcworld.com,Rorie Klimp
1540891,4/6/1995,21.85,2,Male,kgrigoliisk5@shop-pro.jp,Kendell Grigoliis
2030654,1/21/2018,54.98,6,Male,hsaddk6@51.la,Horatius Sadd
4111418,11/14/1992,50.44,5,Male,hshortok7@rakuten.co.jp,Heall Shorto
4743871,2/25/2016,46.35,6,Non-binary,bbennettk8@indiatimes.com,Beth Bennett
1244013,8/23/2020,20.51,1,Bigender,alek9@webmd.com,Alyce Le Estut
3564307,5/30/1992,80.02,5,Male,dkirckmanka@joomla.org,Durant Kirckman
4408313,3/13/2009,93.86,2,Male,zsantacrolekb@businesswire.com,Zacharia Santacrole
600154,8/26/2015,10.55,4,Male,asimisterkc@lulu.com,Allen Simister
2778638,12/22/2004,93.39,3,Male,amedcraftkd@wikia.com,Alwin Medcraft
2631054,6/4/2023,40.29,5,Male,gtytke@harvard.edu,Gauthier Tyt
4531756,3/2/2010,43.7,4,Male,rhyldenkf@alexa.com,Roma Hylden
3398317,6/14/1993,22.58,8,Male,dattridgekg@columbia.edu,Dewey Attridge
2781462,4/21/2018,93.62,3,Male,bdudmankh@icio.us,Barde Dudman
956081,4/14/2010,76.03,6,Female,drosenbuschki@nature.com,Davita Rosenbusch
3862292,7/10/2004,74.3,5,Male,nsickamorekj@chicagotribune.com,Noak Sickamore
2037695,7/3/2002,15.74,3,Genderqueer,mwassonkk@nhs.uk,Marlin Wasson
750894,9/27/2016,4.01,5,Female,mgallonekl@over-blog.com,Marybelle Gallone
3631729,3/20/2003,29.41,2,Female,pschohierkm@ucsd.edu,Penelope Schohier
154491,7/28/2013,59.79,8,Female,labsalomkn@nationalgeographic.com,Lenore Absalom
3756145,3/15/2007,32.79,8,Male,rfairweatherko@opensource.org,Ricky Fairweather
2525539,9/23/2011,74.39,4,Female,awaliszekkp@businesswire.com,Agatha Waliszek
4700105,12/22/2024,55.47,1,Male,atreadawaykq@naver.com,Abraham Treadaway
2185947,11/15/2012,67.72,4,Female,dgorhamkr@oakley.com,Darlleen Gorham
2705064,8/21/2004,97.14,4,Agender,ziskovks@domainmarket.com,Zeke Iskov
612278,4/19/2004,63.45,7,Female,kboultwoodkt@nydailynews.com,Kynthia Boultwood
4662008,3/28/2025,38.66,8,Polygender,kcodringtonku@livejournal.com,Kirbee Codrington
3046621,1/11/2003,53.54,4,Male,nsemarkkv@ifeng.com,Nicolais Semark
254458,6/4/2017,65.06,4,Female,iecclestonkw@bloglines.com,Isidora Eccleston
2172882,6/1/2013,79.11,4,Male,bglanderskx@seesaa.net,Bron Glanders
221796,1/11/2000,62.8,6,Female,cinnesky@wix.com,Corny Innes
2396156,12/2/2018,38.75,8,Male,rdrustkz@ft.com,Reginauld Drust
67547,12/6/1993,34.26,7,Female,fmckeowonl0@google.com,Fanchette McKeowon
586031,12/21/2024,14.7,2,Female,aclarael1@hubpages.com,Annadiana Clarae
3140138,7/10/2018,22.96,2,Female,cjohnstonl2@furl.net,Cybil Johnston
4754815,5/10/2023,71.15,6,Male,bhoultonl3@eepurl.com,Barton Houlton
4629515,3/29/2018,3.11,4,Genderqueer,agardl4@squarespace.com,Audry Gard
1426578,11/30/1992,34.11,8,Bigender,hbourhilll5@va.gov,Harman Bourhill
2521467,3/16/2003,65.06,2,Female,ndawesl6@facebook.com,Nonnah Dawes
1416318,6/4/2001,31.68,3,Male,emoorcroftl7@nhs.uk,Emile Moorcroft
2325099,3/17/2020,78.27,5,Male,hspraggl8@woothemes.com,Heath Spragg
1826380,6/24/2007,88.25,3,Female,fbuml9@dot.gov,Frances Bum
621116,5/13/2018,89.11,8,Female,cbelhommela@sohu.com,Cherilynn Belhomme
1853053,2/3/1997,74.98,4,Female,twithulllb@g.co,Truda Withull
1484277,3/22/1995,7.6,8,Female,dspeechleylc@independent.co.uk,Doll Speechley
2790497,11/10/1997,91.4,7,Male,ktapsfieldld@microsoft.com,Ken Tapsfield
2727369,8/10/2007,53.49,6,Female,cmehewle@archive.org,Charlene Mehew
243452,2/12/1994,16.99,7,Male,hburnetlf@g.co,Hazlett Burnet
1289609,12/10/2012,7.51,3,Male,hpickworthlg@github.com,Hervey Pickworth
3576824,2/1/2004,99.28,3,Male,nlillicraplh@umn.edu,Nathanil Lillicrap
415666,12/18/1990,63.4,4,Male,rtrimnellli@techcrunch.com,Riley Trimnell
1151824,5/29/1991,5.46,4,Female,mbunneylj@webnode.com,Marybelle Bunney
3025974,11/27/2022,37.3,5,Polygender,dtrightonlk@comcast.net,Daile Trighton
1605550,2/2/2012,27.48,1,Male,dgantzll@adobe.com,Davidde Gantz
46013,2/17/1992,90.85,7,Female,acasottilm@cornell.edu,Anthe Casotti
219352,10/31/2008,57.01,7,Male,clindsellln@wikispaces.com,Care Lindsell
812876,10/4/2001,98.46,6,Female,mstalflo@ftc.gov,Madella Stalf
3624462,7/30/2012,86.33,5,Female,vfallanchelp@latimes.com,Vitoria Fallanche
958447,12/9/1997,36.81,4,Male,cnutkinslq@archive.org,Currey Nutkins
2149587,8/3/2016,83.7,6,Male,psweetlovelr@uol.com.br,Peter Sweetlove
3357883,2/17/2019,54.32,7,Male,holehanels@sun.com,Hewie O'Lehane
2243843,1/31/1999,59.67,8,Female,pderycotlt@ucoz.ru,Perla Derycot
3892872,6/19/2015,80.23,2,Male,nhargreavelu@csmonitor.com,Nappy Hargreave
510613,6/16/1999,90.84,2,Genderqueer,dtoulchlv@themeforest.net,Daune Toulch
2189851,3/27/1995,41.62,7,Male,erowneylw@prlog.org,Eldridge Rowney
4475924,3/23/2003,81.53,6,Male,nneleslx@1und1.de,Nick Neles
2245712,6/13/2008,18.71,4,Female,pjefferyly@wordpress.com,Pris Jeffery
435443,7/5/2006,18.66,4,Male,ehedworthlz@about.me,Emanuele Hedworth
1592526,5/19/2023,19.73,1,Male,sgrousem0@bandcamp.com,Shea Grouse
1100905,5/20/2019,77.34,5,Bigender,adeerem1@disqus.com,Ariana Deere
203634,9/15/2008,13.06,8,Female,eottawellm2@timesonline.co.uk,Edie Ottawell
1645691,1/9/2001,37.2,6,Female,cpaddickm3@jugem.jp,Charo Paddick
1623032,5/31/2006,13.89,4,Female,mmoranm4@meetup.com,Micheline Moran
4272112,9/22/2012,75.71,2,Female,kmcduallm5@springer.com,Klarrisa McDuall
2923576,12/2/2023,89.14,3,Bigender,dmarrowsm6@samsung.com,Dyane Marrows
535657,1/26/2016,39.52,8,Male,rconnichiem7@yahoo.com,Ralf Connichie
1057372,8/28/1992,58.42,1,Female,fdysartm8@wisc.edu,Fidelia Dysart
2068287,8/10/1999,37.57,6,Non-binary,malessandrettim9@bloomberg.com,Maurita Alessandretti
2684207,3/31/2003,88.65,4,Female,candrima@webmd.com,Carmela Andri
2014191,2/15/2016,80.34,3,Genderfluid,ldeverillmb@sbwire.com,Laughton Deverill
2347956,11/4/2012,65.51,6,Male,pchettermc@usgs.gov,Parker Chetter
4213250,7/8/2020,66.85,1,Female,treidiemd@economist.com,Theressa Reidie
1710920,8/10/2023,91.31,7,Male,ppashlerme@cargocollective.com,Prince Pashler
1477256,9/28/2015,44.16,2,Female,jlinnellmf@arizona.edu,Junina Linnell
4865739,4/21/2017,57.21,2,Male,anorleymg@chicagotribune.com,Angelo Norley
1234942,11/14/2001,24.13,3,Female,awoolnermh@ifeng.com,Arda Woolner
4954947,12/20/2016,48.53,3,Female,jestevezmi@wikia.com,Janina Estevez
1936099,8/20/2020,16.62,5,Male,tdeverellmj@msu.edu,Thain Deverell
3111823,1/9/2018,63.37,4,Female,acroshammk@vkontakte.ru,Aleen Crosham
1463769,3/20/2017,16.3,5,Genderqueer,abirnieml@cargocollective.com,Arlyne Birnie
691077,7/12/2002,19.69,8,Female,agoresmm@tinypic.com,Auria Gores
3301912,10/12/2022,23.01,3,Female,rclaremn@nytimes.com,Roze Clare
4924644,8/12/2015,71.95,8,Male,cgarmmo@list-manage.com,Cleon Garm
717093,3/29/2006,7.03,6,Male,jsendallmp@simplemachines.org,Jeromy Sendall
1374359,3/27/1998,62.23,2,Female,hparfreymq@bloglines.com,Hildegaard Parfrey
1849215,12/5/1995,97.46,4,Male,jhinzemr@taobao.com,Jefferson Hinze
2744546,7/25/2005,70.87,1,Female,vtofaninims@spotify.com,Venita Tofanini
3257071,5/29/2001,62.8,4,Male,mboultermt@over-blog.com,Munroe Boulter
4500237,4/9/2015,92.05,8,Female,nduckwithmu@flickr.com,Neely Duckwith
1220250,4/7/2011,49.03,2,Male,nmeacemv@yellowbook.com,Nikolas Meace
4257439,5/23/1994,93.62,4,Male,mwyrillmw@desdev.cn,Moss Wyrill
1068545,12/21/1995,13.47,8,Female,smunsonmx@hugedomains.com,Sue Munson
198704,9/26/2009,1.89,8,Male,grubkemy@ted.com,Guthrie Rubke
852071,6/20/1991,59.73,4,Female,dstanilandmz@creativecommons.org,Dulcinea Staniland
2229051,2/11/2015,37.98,2,Male,gsinnattn0@omniture.com,Gus Sinnatt
4220665,3/27/2019,99.1,1,Non-binary,sredmiren1@timesonline.co.uk,Susannah Redmire
4827187,11/19/1995,33.68,2,Male,bbesantn2@samsung.com,Byron Besant
4719095,4/25/1993,17.91,6,Polygender,jfridlingtonn3@nymag.com,Jakob Fridlington
3883402,9/18/2005,47.33,6,Male,mleminn4@t-online.de,Madison Lemin
4948549,4/16/2022,9.36,4,Male,cjudgen5@homestead.com,Cletis Judge
689926,5/8/2015,95.94,4,Female,kcrichleyn6@cdbaby.com,Kathi Crichley
3960636,8/8/1995,74.98,4,Female,jperrettn7@ask.com,Joannes Perrett
673735,8/25/2024,12.64,8,Female,rehlerdingn8@soundcloud.com,Robina Ehlerding
3232229,6/15/2002,55.15,5,Female,wslowcockn9@merriam-webster.com,Willette Slowcock
3096366,10/29/2010,27.22,1,Male,iginglellna@bloglines.com,Iver Ginglell
4239575,6/15/2018,44.69,3,Female,kgrainenb@dmoz.org,Kellen Graine
3455066,8/28/2020,19.47,2,Non-binary,mcunninghamnc@lycos.com,Mary Cunningham
4384723,1/1/2001,57.28,8,Female,lsunderlandnd@sphinn.com,Libbie Sunderland
1815931,5/23/2024,51.2,5,Female,mcoenraetsne@nbcnews.com,Micki Coenraets
1037495,10/1/2013,44.95,7,Female,tsauntnf@gmpg.org,Tuesday Saunt
318620,4/23/1992,99.86,2,Female,sbennettng@mayoclinic.com,Shari Bennett
1044067,8/14/2001,66.55,1,Male,ymckinnanh@parallels.com,Yehudit McKinna
4609133,4/10/2020,27.9,7,Male,asirkettni@fotki.com,Alex Sirkett
191307,7/6/2016,56.87,5,Female,glenj@usa.gov,Gayel Le Fleming
2548960,11/3/1992,36.07,3,Female,dnottink@dropbox.com,Devonne Notti
481664,4/16/2014,47.11,3,Male,asevernsnl@uiuc.edu,Augustin Severns
1971611,3/31/1998,65.24,6,Male,jcomarnm@icio.us,Julius Comar
1781449,3/25/2010,49.72,1,Female,syearronnn@latimes.com,Selena Yearron
421825,7/25/2025,17.32,1,Male,sgammidgeno@yolasite.com,Shaine Gammidge
217992,7/1/1991,79.01,2,Male,rmessenbirdnp@google.ca,Rollins Messenbird
4949207,4/8/2014,60.24,8,Female,lpalingnq@tumblr.com,Lari Paling
3828424,9/4/2008,52.2,6,Female,kchanningnr@dropbox.com,Katti Channing
1037525,6/8/2017,5.44,3,Female,mspatigns@nih.gov,Marley Spatig
3312952,5/3/1993,12.84,3,Female,kcogleynt@smugmug.com,Kali Cogley
2771909,9/17/2002,55.12,1,Male,umuneelynu@cloudflare.com,Udall Muneely
3540519,6/23/2006,68.35,4,Female,lfrancillonv@infoseek.co.jp,Lorettalorna Francillo
1142235,2/5/1993,35.17,2,Female,mlittledikenw@weebly.com,Malina Littledike
342691,4/7/2004,13.97,4,Female,nwisonnx@jugem.jp,Nelie Wison
4567768,8/10/2017,36.17,8,Male,bvoglny@desdev.cn,Bevan Vogl
1091205,2/21/2012,23.3,8,Female,amarriannz@hao123.com,Arielle Marrian
829228,1/19/1992,83.71,8,Female,ostrankso0@bandcamp.com,Olia Stranks
1296775,9/2/2006,94.53,8,Female,scrundeno1@toplist.cz,Sherrie Crunden
3682934,12/6/1997,28.47,2,Male,prussio2@ft.com,Pennie Russi
4328621,2/11/2001,58.24,3,Male,cgrewero3@about.com,Clarke Grewer
3210151,5/3/2003,47.65,3,Female,nsimkao4@google.it,Nike Simka
3562522,1/10/1991,72.18,5,Female,fstickneyo5@intel.com,Fredericka Stickney
2761494,2/28/2021,69.78,1,Female,tshelmardineo6@spiegel.de,Timmy Shelmardine
368113,10/30/2008,9.48,5,Female,rsouthono7@edublogs.org,Rhodie Southon
1780875,6/6/2023,11.24,6,Female,ajeffrieso8@tinyurl.com,Alberta Jeffries
2769918,3/20/2008,68.99,4,Male,dmccroneo9@wsj.com,Dene McCrone
30935,8/19/2022,64.19,4,Female,scorssoa@bandcamp.com,Sigrid Corss
4594284,11/28/2009,12.55,1,Female,sgiacopelloob@pcworld.com,Sophi Giacopello
1434315,6/6/2017,6.38,3,Female,tsellaroc@yellowbook.com,Tamma Sellar
833301,5/20/2009,17.48,6,Male,ijenicekod@dailymail.co.uk,Ingelbert Jenicek
4339901,8/7/2018,47.77,2,Male,wdelosoe@bigcartel.com,Wilek Delos
1928207,4/15/2017,81.64,3,Female,akealof@xrea.com,Ardys Keal
1675296,5/11/2010,71.57,5,Male,tgillioog@hud.gov,Thorn Gillio
3527853,11/27/2000,84.75,3,Agender,ctringhamoh@columbia.edu,Caddric Tringham
1422396,11/30/2014,87.49,4,Male,kparteneroi@msn.com,Kurtis Partener
2859427,9/30/2023,27.32,7,Male,biveoj@timesonline.co.uk,Burty Ive
4539645,2/4/2011,17.96,5,Male,klocheadok@cdbaby.com,Kennan Lochead
1927635,7/9/2003,86.44,2,Male,tpowerol@huffingtonpost.com,Thorvald Power
1279386,12/13/2002,82.32,6,Female,jpenteloom@wikispaces.com,Jacquelynn Pentelo
4198701,9/1/2002,55.19,8,Female,cfitzroyon@icq.com,Cornie Fitzroy
3235672,1/21/1999,53.46,3,Male,hborthramoo@patch.com,Hal Borthram
1125009,1/21/2005,9.25,3,Female,mazemaop@geocities.jp,Mable Azema
3070112,11/21/2008,57.35,6,Male,dsoaroq@wiley.com,Dennet Soar
3225625,10/25/2007,58.99,2,Female,esandwichor@rediff.com,Editha Sandwich
4132500,8/9/1991,32.28,1,Male,iteeseos@indiatimes.com,Ives Teese
1350870,3/31/2012,84.71,5,Male,atompionot@constantcontact.com,Avram Tompion
4542033,5/6/1995,5.61,6,Male,pnattrassou@princeton.edu,Percy Nattrass
1827163,3/7/2025,24.97,1,Female,lbedsonov@google.es,Lorri Bedson
3639058,2/4/2000,77.51,5,Male,moloughlinow@ehow.com,Mart O'Loughlin
2998302,11/8/2001,67.57,1,Male,dardlingox@multiply.com,Derrek Ardling
105980,3/16/2017,95.32,1,Male,iwaldockeoy@businessinsider.com,Iorgos Waldocke
1846172,5/18/2012,91.2,3,Male,lsheerinoz@cbsnews.com,Lothario Sheerin
3604067,4/17/1992,62.89,5,Female,rtucsellp0@e-recht24.de,Rosette Tucsell
4593546,5/19/2001,85.11,2,Male,mbergeonp1@spotify.com,Michail Bergeon
1707932,2/28/2002,51.42,3,Male,dantoninp2@gravatar.com,Demetri Antonin
1559709,1/18/1994,29.98,5,Male,zfenemorep3@cnn.com,Zackariah Fenemore
3801739,1/12/2005,59.36,1,Male,amillwardp4@xinhuanet.com,Abbie Millward
674339,3/1/2025,70.23,5,Female,ytaffeep5@sphinn.com,Yoshi Taffee
2699844,12/20/1998,25.29,2,Male,mnuzzip6@tripod.com,Mitchael Nuzzi
346168,3/3/2014,39.11,5,Male,hmethamp7@cisco.com,Hamlin Metham
2397300,11/26/2009,64.83,5,Female,mosmundp8@jimdo.com,Merrie Osmund
2226916,11/3/1990,15.81,3,Male,foxberryp9@paginegialle.it,Frasquito Oxberry
1043732,6/30/1999,55.23,4,Female,telsmorepa@discovery.com,Trescha Elsmore
2662526,6/23/2024,42.45,7,Male,cvolkespb@whitehouse.gov,Cos Volkes
105870,5/25/1995,81.11,1,Male,cscroytonpc@vimeo.com,Cirstoforo Scroyton
4962293,3/24/1998,9.83,3,Female,enodespd@photobucket.com,Eleni Nodes
3746067,8/27/1994,35.65,2,Female,mpengilleype@symantec.com,Mina Pengilley
4622689,12/22/2018,17.78,3,Female,lmerigonpf@vistaprint.com,Laurie Merigon
268845,7/11/2020,69.23,7,Male,rgaylerpg@vinaora.com,Rube Gayler
3707297,1/4/2004,45.51,4,Female,gbindleyph@icio.us,Gertie Bindley
4816794,1/14/1991,56.7,6,Male,mshinfieldpi@liveinternet.ru,Maxie Shinfield
1916692,6/18/2000,46.89,2,Male,adarlastonpj@businessweek.com,Archie Darlaston
4757926,10/13/2018,30.26,6,Male,klawfulpk@vinaora.com,Kit Lawful
4446385,1/6/2024,17.42,7,Female,kpeggspl@ask.com,Karole Peggs
2384268,2/12/2000,51.31,6,Female,csodorpm@cdbaby.com,Candra Sodor
1573876,6/18/2001,64.52,3,Female,froelspn@buzzfeed.com,Fifine Roels
1723492,4/17/1991,31.94,1,Female,tguillardpo@amazon.co.uk,Tammie Guillard
435698,10/14/2005,17.45,6,Female,jfaulopp@blogs.com,Janina Faulo
2995632,11/24/2015,28.87,7,Female,dgatelandpq@liveinternet.ru,Dottie Gateland
3672306,4/26/2000,58.79,8,Female,alummasanapr@moonfruit.com,Alica Lummasana
4979256,8/9/1992,49.92,2,Male,cloughanps@latimes.com,Curtis Loughan
181007,5/16/2005,84.95,6,Male,ovassbenderpt@hostgator.com,Osborne Vassbender
3139804,6/6/1995,69.4,5,Male,fmcconnultypu@shop-pro.jp,Farly McConnulty
381611,10/25/2012,52.47,6,Female,iduferiepv@alibaba.com,Iona Duferie
1826581,4/11/2015,58.2,7,Female,tbarlowpw@skype.com,Tiff Barlow
830417,4/5/2000,6.86,7,Male,ebilliepx@goodreads.com,Errick Billie
2160498,2/16/1997,59.19,3,Genderfluid,edulinpy@last.fm,Edgardo Dulin
756299,6/18/2002,5.97,3,Male,peclespz@ovh.net,Peterus Ecles
4986186,12/10/2004,5.69,3,Female,pmarrillq0@amazon.de,Phedra Marrill
176820,12/28/2022,9.53,5,Female,wgasonq1@answers.com,Willabella Gason
4692807,5/9/1992,16.48,2,Female,edolleyq2@indiegogo.com,Enriqueta Dolley
543330,7/24/1995,37.98,6,Non-binary,mlouchq3@ehow.com,Margy Louch
4729550,10/18/2014,78.51,8,Female,hmohammedq4@cnn.com,Hedwiga Mohammed
1643608,9/22/1995,69.12,8,Male,ejuschkeq5@cnbc.com,Elden Juschke
1448091,3/21/2024,79.9,8,Male,ebluntq6@mediafire.com,Esdras Blunt
664015,7/29/2007,10.9,2,Female,srumminq7@sogou.com,Susannah Rummin
3908629,4/28/2019,77.66,5,Male,lbiskupiakq8@dropbox.com,Leon Biskupiak
3389435,4/28/2014,29.56,3,Female,jmckennanq9@angelfire.com,Joli McKennan
4580817,2/26/2011,46.2,3,Female,ncurwenqa@wiley.com,Nanette Curwen
4011309,10/6/2020,71.5,4,Agender,nberzonsqb@vimeo.com,Noni Berzons
4736827,1/14/2024,31.51,8,Female,mkieltqc@buzzfeed.com,Maggie Kielt
1574096,4/9/2021,22.87,5,Male,ksandeverqd@constantcontact.com,Keith Sandever
3603482,1/7/2012,65.32,3,Female,rwilseyqe@redcross.org,Randie Wilsey
4576904,10/8/1990,17.81,1,Male,ttrevainsqf@senate.gov,Tracy Trevains
4079243,10/27/2010,20.22,7,Female,tgissopqg@dropbox.com,Tabatha Gissop
3606681,6/10/2022,26.03,8,Male,amelliardqh@netlog.com,Arv Melliard
1907133,12/15/2005,91.02,7,Male,ngudgeqi@so-net.ne.jp,Nollie Gudge
3006540,1/21/2012,51.97,8,Male,bbreadqj@chron.com,Bartlett Bread
2303248,3/16/2011,30.56,4,Agender,dbentjeqk@businesswire.com,Derry Bentje
1206702,1/28/2011,92.36,2,Female,bcardenasql@exblog.jp,Becky Cardenas
2988767,9/12/2015,83.34,2,Male,gpiensqm@dailymail.co.uk,Gearalt Piens
3592973,4/25/1996,84.49,1,Male,aremerqn@lulu.com,Ambrosio Remer
305368,8/10/2007,24.46,2,Female,bjedrychqo@tamu.edu,Bianca Jedrych
4702264,6/29/1991,39.01,5,Female,mmaccomiskeyqp@ted.com,Maddalena MacComiskey
2667361,10/16/1997,60.77,5,Genderqueer,jlubertiqq@google.co.jp,Joshuah Luberti
4584450,6/7/1997,12.11,5,Female,jvasichevqr@mozilla.com,Jaymee Vasichev
1560478,4/20/1996,89.68,3,Male,sshanksqs@domainmarket.com,Silvano Shanks
4008553,1/9/2004,14.02,8,Female,hbaudqt@squidoo.com,Herminia Baud
1261010,3/23/2006,35.63,2,Male,pmillierequ@fastcompany.com,Pall Milliere
3318580,3/7/2012,54.41,7,Male,nahrenqv@mac.com,Nickolas Ahren
3614129,11/20/2020,28.17,7,Female,vrenwickqw@indiatimes.com,Victoria Renwick
931380,4/22/2015,31.38,5,Female,tjanicijevicqx@wp.com,Teresita Janicijevic
2457537,7/21/1999,49.06,6,Female,cweightqy@linkedin.com,Cynthea Weight
2578882,8/8/2006,82.69,6,Male,ccheneyqz@i2i.jp,Cozmo Cheney
474308,2/21/1999,56.03,7,Male,ahymorr0@weather.com,Arch Hymor
953360,6/8/2010,64.9,5,Female,cbarrowsr1@vimeo.com,Courtnay Barrows
1460027,8/19/1994,60.72,4,Female,hfellgater2@ovh.net,Hulda Fellgate
87741,11/20/1991,78.28,2,Male,ngathr3@chicagotribune.com,Nev Gath
179501,4/12/2000,80.53,1,Male,sdaglishr4@bloglovin.com,Swen Daglish
2063386,5/25/2007,25.85,8,Male,hizzardr5@shinystat.com,Hugo Izzard
1580221,11/14/1995,30.26,5,Female,pvampouiller6@shareasale.com,Pam Vampouille
879389,11/8/1992,20.65,5,Female,bhaackerr7@wsj.com,Barbe Haacker
1848306,7/15/2022,86.57,4,Female,gcackettr8@apache.org,Gabbie Cackett
3084325,11/13/1992,85.63,1,Female,cproshr9@feedburner.com,Carley Prosh
3715112,5/19/2010,52.02,4,Male,mtidballra@cdc.gov,Mandel Tidball
2943487,2/15/2019,21.37,7,Female,tkynforthrb@stanford.edu,Tomi Kynforth
2047733,9/9/2003,82.64,4,Male,nstowellrc@com.com,Noby Stowell
4870892,4/21/1997,94.88,3,Agender,bgoschalkrd@oaic.gov.au,Berty Goschalk
3018776,12/7/2015,37.75,3,Female,lskelbeckre@china.com.cn,Lynette Skelbeck
3877772,7/12/2009,87.19,5,Male,cpottierf@ucla.edu,Cleveland Pottie
690987,7/11/2014,53.12,2,Male,feverardrg@auda.org.au,Foss Everard
2187524,12/31/2006,7.6,7,Female,mtimmonsrh@sbwire.com,Merrill Timmons
4987896,11/19/1993,55.44,6,Female,dcourteneyri@nyu.edu,Daphna Courteney
2681303,7/4/2007,88.71,4,Female,mharnerrj@cyberchimps.com,Matelda Harner
634642,7/7/2001,52.89,8,Male,dromainerk@wisc.edu,Dav Romaine
3901146,10/14/2020,4.92,8,Male,ejeenesrl@comcast.net,Evered Jeenes
2455255,10/9/2008,31.64,8,Female,brawclifferm@xinhuanet.com,Bevvy Rawcliffe
1848664,1/17/1998,41.11,4,Female,gegdellrn@toplist.cz,Gertie Egdell
2776195,9/24/1992,46.12,5,Female,bjarmanro@skyrock.com,Brietta Jarman
4803550,7/9/1998,71.69,1,Female,abrackstonerp@squarespace.com,Ann Brackstone
2369919,8/2/2007,5.98,6,Female,nbeechrq@youtube.com,Nicol Beech
3731081,11/16/2002,74.31,7,Male,kluckcockrr@army.mil,Kevon Luckcock
